Name,Description,Latitude,Longitude,Destination_Code,Destination_Name,Flight_ID,Flight_Date,Flight_Time,Weekday,Airline,Collected_At
RF316 (에어로케이항공),"인천→Kansai (Osaka)
항공사: 에어로케이항공
요일: 금
출발: 06:20
날짜: 2026-05-15",34.432,135.2304,KIX,Kansai (Osaka),RF316,20260515,06:20,금,에어로케이항공,2026-05-15 14:39:33
7C1401 (제주항공),"인천→Fukuoka
항공사: 제주항공
요일: 금
출발: 06:30
날짜: 2026-05-15",33.5859,130.4507,FUK,Fukuoka,7C1401,20260515,06:30,금,제주항공,2026-05-15 14:39:33
OZ132 (아시아나항공),"인천→Fukuoka
항공사: 아시아나항공
요일: 금
출발: 06:30
날짜: 2026-05-15",33.5859,130.4507,FUK,Fukuoka,OZ132,20260515,06:30,금,아시아나항공,2026-05-15 14:39:33
OZ112 (아시아나항공),"인천→Kansai (Osaka)
항공사: 아시아나항공
요일: 금
출발: 06:55
날짜: 2026-05-15",34.432,135.2304,KIX,Kansai (Osaka),OZ112,20260515,06:55,금,아시아나항공,2026-05-15 14:39:33
EY8448 (에티하드 항공),"인천→Kansai (Osaka)
항공사: 에티하드 항공
요일: 금
출발: 06:55
날짜: 2026-05-15",34.432,135.2304,KIX,Kansai (Osaka),EY8448,20260515,06:55,금,에티하드 항공,2026-05-15 14:39:33
NH6952 (전일본공수),"인천→Kansai (Osaka)
항공사: 전일본공수
요일: 금
출발: 06:55
날짜: 2026-05-15",34.432,135.2304,KIX,Kansai (Osaka),NH6952,20260515,06:55,금,전일본공수,2026-05-15 14:39:33
7C1701 (제주항공),"인천→Matsuyama
항공사: 제주항공
요일: 금
출발: 07:00
날짜: 2026-05-15",33.8272,132.6997,MYJ,Matsuyama,7C1701,20260515,07:00,금,제주항공,2026-05-15 14:39:33
7C1601 (제주항공),"인천→Shizuoka (Mt.Fuji)
항공사: 제주항공
요일: 금
출발: 07:05
날짜: 2026-05-15",34.7961,138.1797,FSZ,Shizuoka (Mt.Fuji),7C1601,20260515,07:05,금,제주항공,2026-05-15 14:39:33
7C1301 (제주항공),"인천→Kansai (Osaka)
항공사: 제주항공
요일: 금
출발: 07:10
날짜: 2026-05-15",34.432,135.2304,KIX,Kansai (Osaka),7C1301,20260515,07:10,금,제주항공,2026-05-15 14:39:33
7C1173 (제주항공),"인천→Narita (Tokyo)
항공사: 제주항공
요일: 금
출발: 07:10
날짜: 2026-05-15",35.7719,140.3929,NRT,Narita (Tokyo),7C1173,20260515,07:10,금,제주항공,2026-05-15 14:39:33
BX164 (에어부산),"인천→Narita (Tokyo)
항공사: 에어부산
요일: 금
출발: 07:10
날짜: 2026-05-15",35.7719,140.3929,NRT,Narita (Tokyo),BX164,20260515,07:10,금,에어부산,2026-05-15 14:39:33
LJ261 (진에어),"인천→Fukuoka
항공사: 진에어
요일: 금
출발: 07:15
날짜: 2026-05-15",33.5859,130.4507,FUK,Fukuoka,LJ261,20260515,07:15,금,진에어,2026-05-15 14:39:33
RS711 (에어서울),"인천→Kansai (Osaka)
항공사: 에어서울
요일: 금
출발: 07:15
날짜: 2026-05-15",34.432,135.2304,KIX,Kansai (Osaka),RS711,20260515,07:15,금,에어서울,2026-05-15 14:39:33
BX156 (에어부산),"인천→Fukuoka
항공사: 에어부산
요일: 금
출발: 07:20
날짜: 2026-05-15",33.5859,130.4507,FUK,Fukuoka,BX156,20260515,07:20,금,에어부산,2026-05-15 14:39:33
OZ9576 (아시아나항공),"인천→Fukuoka
항공사: 아시아나항공
요일: 금
출발: 07:20
날짜: 2026-05-15",33.5859,130.4507,FUK,Fukuoka,OZ9576,20260515,07:20,금,아시아나항공,2026-05-15 14:39:33
ZE605 (이스타항공),"인천→Narita (Tokyo)
항공사: 이스타항공
요일: 금
출발: 07:25
날짜: 2026-05-15",35.7719,140.3929,NRT,Narita (Tokyo),ZE605,20260515,07:25,금,이스타항공,2026-05-15 14:39:33
LJ201 (진에어),"인천→Narita (Tokyo)
항공사: 진에어
요일: 금
출발: 07:25
날짜: 2026-05-15",35.7719,140.3929,NRT,Narita (Tokyo),LJ201,20260515,07:25,금,진에어,2026-05-15 14:39:33
KE5741 (대한항공),"인천→Narita (Tokyo)
항공사: 대한항공
요일: 금
출발: 07:25
날짜: 2026-05-15",35.7719,140.3929,NRT,Narita (Tokyo),KE5741,20260515,07:25,금,대한항공,2026-05-15 14:39:33
MM712 (피치항공),"인천→Kansai (Osaka)
항공사: 피치항공
요일: 금
출발: 07:30
날짜: 2026-05-15",34.432,135.2304,KIX,Kansai (Osaka),MM712,20260515,07:30,금,피치항공,2026-05-15 14:39:33
LJ345 (진에어),"인천→Nagoya (Chubu)
항공사: 진에어
요일: 금
출발: 07:30
날짜: 2026-05-15",34.8584,136.8048,NGO,Nagoya (Chubu),LJ345,20260515,07:30,금,진에어,2026-05-15 14:39:33
KE5079 (대한항공),"인천→Nagoya (Chubu)
항공사: 대한항공
요일: 금
출발: 07:30
날짜: 2026-05-15",34.8584,136.8048,NGO,Nagoya (Chubu),KE5079,20260515,07:30,금,대한항공,2026-05-15 14:39:33
LJ231 (진에어),"인천→Kansai (Osaka)
항공사: 진에어
요일: 금
출발: 07:40
날짜: 2026-05-15",34.432,135.2304,KIX,Kansai (Osaka),LJ231,20260515,07:40,금,진에어,2026-05-15 14:39:33
KE5071 (대한항공),"인천→Kansai (Osaka)
항공사: 대한항공
요일: 금
출발: 07:40
날짜: 2026-05-15",34.432,135.2304,KIX,Kansai (Osaka),KE5071,20260515,07:40,금,대한항공,2026-05-15 14:39:33
7C1611 (제주항공),"인천→Hiroshima
항공사: 제주항공
요일: 금
출발: 07:45
날짜: 2026-05-15",34.4361,132.9194,HIJ,Hiroshima,7C1611,20260515,07:45,금,제주항공,2026-05-15 14:39:33
7C1391 (제주항공),"인천→Kansai (Osaka)
항공사: 제주항공
요일: 금
출발: 07:55
날짜: 2026-05-15",34.432,135.2304,KIX,Kansai (Osaka),7C1391,20260515,07:55,금,제주항공,2026-05-15 14:39:33
TW287 (티웨이항공),"인천→Kumamoto
항공사: 티웨이항공
요일: 금
출발: 07:55
날짜: 2026-05-15",32.8372,130.855,KMJ,Kumamoto,TW287,20260515,07:55,금,티웨이항공,2026-05-15 14:39:33
LJ203 (진에어),"인천→Narita (Tokyo)
항공사: 진에어
요일: 금
출발: 07:55
날짜: 2026-05-15",35.7719,140.3929,NRT,Narita (Tokyo),LJ203,20260515,07:55,금,진에어,2026-05-15 14:39:33
KE787 (대한항공),"인천→Fukuoka
항공사: 대한항공
요일: 금
출발: 08:00
날짜: 2026-05-15",33.5859,130.4507,FUK,Fukuoka,KE787,20260515,08:00,금,대한항공,2026-05-15 14:39:33
DL7892 (델타항공),"인천→Fukuoka
항공사: 델타항공
요일: 금
출발: 08:00
날짜: 2026-05-15",33.5859,130.4507,FUK,Fukuoka,DL7892,20260515,08:00,금,델타항공,2026-05-15 14:39:33
OM6709 (몽골항공),"인천→Fukuoka
항공사: 몽골항공
요일: 금
출발: 08:00
날짜: 2026-05-15",33.5859,130.4507,FUK,Fukuoka,OM6709,20260515,08:00,금,몽골항공,2026-05-15 14:39:33
JL5220 (일본항공),"인천→Fukuoka
항공사: 일본항공
요일: 금
출발: 08:00
날짜: 2026-05-15",33.5859,130.4507,FUK,Fukuoka,JL5220,20260515,08:00,금,일본항공,2026-05-15 14:39:33
KL4252 (KLM네덜란드항공),"인천→Fukuoka
항공사: KLM네덜란드항공
요일: 금
출발: 08:00
날짜: 2026-05-15",33.5859,130.4507,FUK,Fukuoka,KL4252,20260515,08:00,금,KLM네덜란드항공,2026-05-15 14:39:33
TW301 (티웨이항공),"인천→Kansai (Osaka)
항공사: 티웨이항공
요일: 금
출발: 08:00
날짜: 2026-05-15",34.432,135.2304,KIX,Kansai (Osaka),TW301,20260515,08:00,금,티웨이항공,2026-05-15 14:39:33
ZE601 (이스타항공),"인천→Narita (Tokyo)
항공사: 이스타항공
요일: 금
출발: 08:00
날짜: 2026-05-15",35.7719,140.3929,NRT,Narita (Tokyo),ZE601,20260515,08:00,금,이스타항공,2026-05-15 14:39:33
RS723 (에어서울),"인천→Fukuoka
항공사: 에어서울
요일: 금
출발: 08:05
날짜: 2026-05-15",33.5859,130.4507,FUK,Fukuoka,RS723,20260515,08:05,금,에어서울,2026-05-15 14:39:33
LJ241 (진에어),"인천→Kansai (Osaka)
항공사: 진에어
요일: 금
출발: 08:10
날짜: 2026-05-15",34.432,135.2304,KIX,Kansai (Osaka),LJ241,20260515,08:10,금,진에어,2026-05-15 14:39:33
7C1101 (제주항공),"인천→Narita (Tokyo)
항공사: 제주항공
요일: 금
출발: 08:10
날짜: 2026-05-15",35.7719,140.3929,NRT,Narita (Tokyo),7C1101,20260515,08:10,금,제주항공,2026-05-15 14:39:33
RS705 (에어서울),"인천→Narita (Tokyo)
항공사: 에어서울
요일: 금
출발: 08:10
날짜: 2026-05-15",35.7719,140.3929,NRT,Narita (Tokyo),RS705,20260515,08:10,금,에어서울,2026-05-15 14:39:33
LJ301 (진에어),"인천→Sapporo (Chitose)
항공사: 진에어
요일: 금
출발: 08:20
날짜: 2026-05-15",42.7752,141.6923,CTS,Sapporo (Chitose),LJ301,20260515,08:20,금,진에어,2026-05-15 14:39:33
KE5061 (대한항공),"인천→Sapporo (Chitose)
항공사: 대한항공
요일: 금
출발: 08:20
날짜: 2026-05-15",42.7752,141.6923,CTS,Sapporo (Chitose),KE5061,20260515,08:20,금,대한항공,2026-05-15 14:39:33
7C1875 (제주항공),"인천→Okinawa (Naha)
항공사: 제주항공
요일: 금
출발: 08:20
날짜: 2026-05-15",26.1958,127.6458,OKA,Okinawa (Naha),7C1875,20260515,08:20,금,제주항공,2026-05-15 14:39:33
OZ102 (아시아나항공),"인천→Narita (Tokyo)
항공사: 아시아나항공
요일: 금
출발: 08:25
날짜: 2026-05-15",35.7719,140.3929,NRT,Narita (Tokyo),OZ102,20260515,08:25,금,아시아나항공,2026-05-15 14:39:33
EY8453 (에티하드 항공),"인천→Narita (Tokyo)
항공사: 에티하드 항공
요일: 금
출발: 08:25
날짜: 2026-05-15",35.7719,140.3929,NRT,Narita (Tokyo),EY8453,20260515,08:25,금,에티하드 항공,2026-05-15 14:39:33
NH6972 (전일본공수),"인천→Narita (Tokyo)
항공사: 전일본공수
요일: 금
출발: 08:25
날짜: 2026-05-15",35.7719,140.3929,NRT,Narita (Tokyo),NH6972,20260515,08:25,금,전일본공수,2026-05-15 14:39:33
NZ4060 (에어 뉴질랜드),"인천→Narita (Tokyo)
항공사: 에어 뉴질랜드
요일: 금
출발: 08:25
날짜: 2026-05-15",35.7719,140.3929,NRT,Narita (Tokyo),NZ4060,20260515,08:25,금,에어 뉴질랜드,2026-05-15 14:39:33
UA7318 (유나이티드항공),"인천→Narita (Tokyo)
항공사: 유나이티드항공
요일: 금
출발: 08:25
날짜: 2026-05-15",35.7719,140.3929,NRT,Narita (Tokyo),UA7318,20260515,08:25,금,유나이티드항공,2026-05-15 14:39:33
TW241 (티웨이항공),"인천→Narita (Tokyo)
항공사: 티웨이항공
요일: 금
출발: 08:35
날짜: 2026-05-15",35.7719,140.3929,NRT,Narita (Tokyo),TW241,20260515,08:35,금,티웨이항공,2026-05-15 14:39:33
ZE645 (이스타항공),"인천→Fukuoka
항공사: 이스타항공
요일: 금
출발: 08:45
날짜: 2026-05-15",33.5859,130.4507,FUK,Fukuoka,ZE645,20260515,08:45,금,이스타항공,2026-05-15 14:39:33
RS741 (에어서울),"인천→Takamatsu
항공사: 에어서울
요일: 금
출발: 08:45
날짜: 2026-05-15",34.2141,134.0156,TAK,Takamatsu,RS741,20260515,08:45,금,에어서울,2026-05-15 14:39:33
YP731 (에어프레미아),"인천→Narita (Tokyo)
항공사: 에어프레미아
요일: 금
출발: 08:50
날짜: 2026-05-15",35.7719,140.3929,NRT,Narita (Tokyo),YP731,20260515,08:50,금,에어프레미아,2026-05-15 14:39:33
LJ269 (진에어),"인천→Fukuoka
항공사: 진에어
요일: 금
출발: 09:00
날짜: 2026-05-15",33.5859,130.4507,FUK,Fukuoka,LJ269,20260515,09:00,금,진에어,2026-05-15 14:39:33
7C1303 (제주항공),"인천→Kansai (Osaka)
항공사: 제주항공
요일: 금
출발: 09:05
날짜: 2026-05-15",34.432,135.2304,KIX,Kansai (Osaka),7C1303,20260515,09:05,금,제주항공,2026-05-15 14:39:33
OZ122 (아시아나항공),"인천→Nagoya (Chubu)
항공사: 아시아나항공
요일: 금
출발: 09:10
날짜: 2026-05-15",34.8584,136.8048,NGO,Nagoya (Chubu),OZ122,20260515,09:10,금,아시아나항공,2026-05-15 14:39:33
EY8457 (에티하드 항공),"인천→Nagoya (Chubu)
항공사: 에티하드 항공
요일: 금
출발: 09:10
날짜: 2026-05-15",34.8584,136.8048,NGO,Nagoya (Chubu),EY8457,20260515,09:10,금,에티하드 항공,2026-05-15 14:39:33
NH6964 (전일본공수),"인천→Nagoya (Chubu)
항공사: 전일본공수
요일: 금
출발: 09:10
날짜: 2026-05-15",34.8584,136.8048,NGO,Nagoya (Chubu),NH6964,20260515,09:10,금,전일본공수,2026-05-15 14:39:33
ZE611 (이스타항공),"인천→Kansai (Osaka)
항공사: 이스타항공
요일: 금
출발: 09:15
날짜: 2026-05-15",34.432,135.2304,KIX,Kansai (Osaka),ZE611,20260515,09:15,금,이스타항공,2026-05-15 14:39:33
ZE625 (이스타항공),"인천→Sapporo (Chitose)
항공사: 이스타항공
요일: 금
출발: 09:20
날짜: 2026-05-15",42.7752,141.6923,CTS,Sapporo (Chitose),ZE625,20260515,09:20,금,이스타항공,2026-05-15 14:39:33
RS701 (에어서울),"인천→Narita (Tokyo)
항공사: 에어서울
요일: 금
출발: 09:20
날짜: 2026-05-15",35.7719,140.3929,NRT,Narita (Tokyo),RS701,20260515,09:20,금,에어서울,2026-05-15 14:39:33
KE2147 (대한항공),"인천→Okinawa (Naha)
항공사: 대한항공
요일: 금
출발: 09:20
날짜: 2026-05-15",26.1958,127.6458,OKA,Okinawa (Naha),KE2147,20260515,09:20,금,대한항공,2026-05-15 14:39:33
KL9164 (KLM네덜란드항공),"인천→Okinawa (Naha)
항공사: KLM네덜란드항공
요일: 금
출발: 09:20
날짜: 2026-05-15",26.1958,127.6458,OKA,Okinawa (Naha),KL9164,20260515,09:20,금,KLM네덜란드항공,2026-05-15 14:39:33
DL7795 (델타항공),"인천→Okinawa (Naha)
항공사: 델타항공
요일: 금
출발: 09:20
날짜: 2026-05-15",26.1958,127.6458,OKA,Okinawa (Naha),DL7795,20260515,09:20,금,델타항공,2026-05-15 14:39:33
VS5513 (버진 애틀랜틱 항공),"인천→Okinawa (Naha)
항공사: 버진 애틀랜틱 항공
요일: 금
출발: 09:20
날짜: 2026-05-15",26.1958,127.6458,OKA,Okinawa (Naha),VS5513,20260515,09:20,금,버진 애틀랜틱 항공,2026-05-15 14:39:33
JL5274 (일본항공),"인천→Okinawa (Naha)
항공사: 일본항공
요일: 금
출발: 09:20
날짜: 2026-05-15",26.1958,127.6458,OKA,Okinawa (Naha),JL5274,20260515,09:20,금,일본항공,2026-05-15 14:39:33
7C1201 (제주항공),"인천→Nagoya (Chubu)
항공사: 제주항공
요일: 금
출발: 09:30
날짜: 2026-05-15",34.8584,136.8048,NGO,Nagoya (Chubu),7C1201,20260515,09:30,금,제주항공,2026-05-15 14:39:33
KE723 (대한항공),"인천→Kansai (Osaka)
항공사: 대한항공
요일: 금
출발: 09:35
날짜: 2026-05-15",34.432,135.2304,KIX,Kansai (Osaka),KE723,20260515,09:35,금,대한항공,2026-05-15 14:39:33
DL7785 (델타항공),"인천→Kansai (Osaka)
항공사: 델타항공
요일: 금
출발: 09:35
날짜: 2026-05-15",34.432,135.2304,KIX,Kansai (Osaka),DL7785,20260515,09:35,금,델타항공,2026-05-15 14:39:33
OM6703 (몽골항공),"인천→Kansai (Osaka)
항공사: 몽골항공
요일: 금
출발: 09:35
날짜: 2026-05-15",34.432,135.2304,KIX,Kansai (Osaka),OM6703,20260515,09:35,금,몽골항공,2026-05-15 14:39:33
JL5210 (일본항공),"인천→Kansai (Osaka)
항공사: 일본항공
요일: 금
출발: 09:35
날짜: 2026-05-15",34.432,135.2304,KIX,Kansai (Osaka),JL5210,20260515,09:35,금,일본항공,2026-05-15 14:39:33
OZ152 (아시아나항공),"인천→Sendai
항공사: 아시아나항공
요일: 금
출발: 09:35
날짜: 2026-05-15",38.1397,140.9169,SDJ,Sendai,OZ152,20260515,09:35,금,아시아나항공,2026-05-15 14:39:33
NH6982 (전일본공수),"인천→Sendai
항공사: 전일본공수
요일: 금
출발: 09:35
날짜: 2026-05-15",38.1397,140.9169,SDJ,Sendai,NH6982,20260515,09:35,금,전일본공수,2026-05-15 14:39:33
LJ273 (진에어),"인천→Fukuoka
항공사: 진에어
요일: 금
출발: 09:40
날짜: 2026-05-15",33.5859,130.4507,FUK,Fukuoka,LJ273,20260515,09:40,금,진에어,2026-05-15 14:39:33
BX172 (에어부산),"인천→Kansai (Osaka)
항공사: 에어부산
요일: 금
출발: 09:40
날짜: 2026-05-15",34.432,135.2304,KIX,Kansai (Osaka),BX172,20260515,09:40,금,에어부산,2026-05-15 14:39:33
OZ9568 (아시아나항공),"인천→Kansai (Osaka)
항공사: 아시아나항공
요일: 금
출발: 09:40
날짜: 2026-05-15",34.432,135.2304,KIX,Kansai (Osaka),OZ9568,20260515,09:40,금,아시아나항공,2026-05-15 14:39:33
7C1403 (제주항공),"인천→Fukuoka
항공사: 제주항공
요일: 금
출발: 09:45
날짜: 2026-05-15",33.5859,130.4507,FUK,Fukuoka,7C1403,20260515,09:45,금,제주항공,2026-05-15 14:39:33
7C1175 (제주항공),"인천→Narita (Tokyo)
항공사: 제주항공
요일: 금
출발: 09:45
날짜: 2026-05-15",35.7719,140.3929,NRT,Narita (Tokyo),7C1175,20260515,09:45,금,제주항공,2026-05-15 14:39:33
LJ341 (진에어),"인천→Okinawa (Naha)
항공사: 진에어
요일: 금
출발: 09:45
날짜: 2026-05-15",26.1958,127.6458,OKA,Okinawa (Naha),LJ341,20260515,09:45,금,진에어,2026-05-15 14:39:33
KE5745 (대한항공),"인천→Okinawa (Naha)
항공사: 대한항공
요일: 금
출발: 09:45
날짜: 2026-05-15",26.1958,127.6458,OKA,Okinawa (Naha),KE5745,20260515,09:45,금,대한항공,2026-05-15 14:39:33
WE501 (파라타항공),"인천→Narita (Tokyo)
항공사: 파라타항공
요일: 금
출발: 09:50
날짜: 2026-05-15",35.7719,140.3929,NRT,Narita (Tokyo),WE501,20260515,09:50,금,파라타항공,2026-05-15 14:39:33
TW201 (티웨이항공),"인천→Fukuoka
항공사: 티웨이항공
요일: 금
출발: 10:05
날짜: 2026-05-15",33.5859,130.4507,FUK,Fukuoka,TW201,20260515,10:05,금,티웨이항공,2026-05-15 14:39:33
TW263 (티웨이항공),"인천→Sapporo (Chitose)
항공사: 티웨이항공
요일: 금
출발: 10:10
날짜: 2026-05-15",42.7752,141.6923,CTS,Sapporo (Chitose),TW263,20260515,10:10,금,티웨이항공,2026-05-15 14:39:33
LJ233 (진에어),"인천→Kansai (Osaka)
항공사: 진에어
요일: 금
출발: 10:10
날짜: 2026-05-15",34.432,135.2304,KIX,Kansai (Osaka),LJ233,20260515,10:10,금,진에어,2026-05-15 14:39:33
KE703 (대한항공),"인천→Narita (Tokyo)
항공사: 대한항공
요일: 금
출발: 10:10
날짜: 2026-05-15",35.7719,140.3929,NRT,Narita (Tokyo),KE703,20260515,10:10,금,대한항공,2026-05-15 14:39:33
DL7779 (델타항공),"인천→Narita (Tokyo)
항공사: 델타항공
요일: 금
출발: 10:10
날짜: 2026-05-15",35.7719,140.3929,NRT,Narita (Tokyo),DL7779,20260515,10:10,금,델타항공,2026-05-15 14:39:33
AM6750 (아에로멕시코),"인천→Narita (Tokyo)
항공사: 아에로멕시코
요일: 금
출발: 10:10
날짜: 2026-05-15",35.7719,140.3929,NRT,Narita (Tokyo),AM6750,20260515,10:10,금,아에로멕시코,2026-05-15 14:39:33
TN1577 (에어 타히티 누이),"인천→Narita (Tokyo)
항공사: 에어 타히티 누이
요일: 금
출발: 10:10
날짜: 2026-05-15",35.7719,140.3929,NRT,Narita (Tokyo),TN1577,20260515,10:10,금,에어 타히티 누이,2026-05-15 14:39:33
JL5202 (일본항공),"인천→Narita (Tokyo)
항공사: 일본항공
요일: 금
출발: 10:10
날짜: 2026-05-15",35.7719,140.3929,NRT,Narita (Tokyo),JL5202,20260515,10:10,금,일본항공,2026-05-15 14:39:33
OZ174 (아시아나항공),"인천→Sapporo (Chitose)
항공사: 아시아나항공
요일: 금
출발: 10:15
날짜: 2026-05-15",42.7752,141.6923,CTS,Sapporo (Chitose),OZ174,20260515,10:15,금,아시아나항공,2026-05-15 14:39:33
ET1294 (에티오피아항공),"인천→Sapporo (Chitose)
항공사: 에티오피아항공
요일: 금
출발: 10:15
날짜: 2026-05-15",42.7752,141.6923,CTS,Sapporo (Chitose),ET1294,20260515,10:15,금,에티오피아항공,2026-05-15 14:39:33
NH6998 (전일본공수),"인천→Sapporo (Chitose)
항공사: 전일본공수
요일: 금
출발: 10:15
날짜: 2026-05-15",42.7752,141.6923,CTS,Sapporo (Chitose),NH6998,20260515,10:15,금,전일본공수,2026-05-15 14:39:33
MM714 (피치항공),"인천→Kansai (Osaka)
항공사: 피치항공
요일: 금
출발: 10:20
날짜: 2026-05-15",34.432,135.2304,KIX,Kansai (Osaka),MM714,20260515,10:20,금,피치항공,2026-05-15 14:39:33
TW243 (티웨이항공),"인천→Narita (Tokyo)
항공사: 티웨이항공
요일: 금
출발: 10:20
날짜: 2026-05-15",35.7719,140.3929,NRT,Narita (Tokyo),TW243,20260515,10:20,금,티웨이항공,2026-05-15 14:39:33
7C1103 (제주항공),"인천→Narita (Tokyo)
항공사: 제주항공
요일: 금
출발: 10:25
날짜: 2026-05-15",35.7719,140.3929,NRT,Narita (Tokyo),7C1103,20260515,10:25,금,제주항공,2026-05-15 14:39:33
KE765 (대한항공),"인천→Sapporo (Chitose)
항공사: 대한항공
요일: 금
출발: 10:35
날짜: 2026-05-15",42.7752,141.6923,CTS,Sapporo (Chitose),KE765,20260515,10:35,금,대한항공,2026-05-15 14:39:33
DL7898 (델타항공),"인천→Sapporo (Chitose)
항공사: 델타항공
요일: 금
출발: 10:35
날짜: 2026-05-15",42.7752,141.6923,CTS,Sapporo (Chitose),DL7898,20260515,10:35,금,델타항공,2026-05-15 14:39:33
JL5208 (일본항공),"인천→Sapporo (Chitose)
항공사: 일본항공
요일: 금
출발: 10:35
날짜: 2026-05-15",42.7752,141.6923,CTS,Sapporo (Chitose),JL5208,20260515,10:35,금,일본항공,2026-05-15 14:39:33
VS5511 (버진 애틀랜틱 항공),"인천→Sapporo (Chitose)
항공사: 버진 애틀랜틱 항공
요일: 금
출발: 10:35
날짜: 2026-05-15",42.7752,141.6923,CTS,Sapporo (Chitose),VS5511,20260515,10:35,금,버진 애틀랜틱 항공,2026-05-15 14:39:33
KL4255 (KLM네덜란드항공),"인천→Sapporo (Chitose)
항공사: KLM네덜란드항공
요일: 금
출발: 10:35
날짜: 2026-05-15",42.7752,141.6923,CTS,Sapporo (Chitose),KL4255,20260515,10:35,금,KLM네덜란드항공,2026-05-15 14:39:33
KE741 (대한항공),"인천→Nagoya (Chubu)
항공사: 대한항공
요일: 금
출발: 10:35
날짜: 2026-05-15",34.8584,136.8048,NGO,Nagoya (Chubu),KE741,20260515,10:35,금,대한항공,2026-05-15 14:39:33
OM6715 (몽골항공),"인천→Nagoya (Chubu)
항공사: 몽골항공
요일: 금
출발: 10:35
날짜: 2026-05-15",34.8584,136.8048,NGO,Nagoya (Chubu),OM6715,20260515,10:35,금,몽골항공,2026-05-15 14:39:33
DL7791 (델타항공),"인천→Nagoya (Chubu)
항공사: 델타항공
요일: 금
출발: 10:35
날짜: 2026-05-15",34.8584,136.8048,NGO,Nagoya (Chubu),DL7791,20260515,10:35,금,델타항공,2026-05-15 14:39:33
JL5216 (일본항공),"인천→Nagoya (Chubu)
항공사: 일본항공
요일: 금
출발: 10:35
날짜: 2026-05-15",34.8584,136.8048,NGO,Nagoya (Chubu),JL5216,20260515,10:35,금,일본항공,2026-05-15 14:39:33
KL4251 (KLM네덜란드항공),"인천→Nagoya (Chubu)
항공사: KLM네덜란드항공
요일: 금
출발: 10:35
날짜: 2026-05-15",34.8584,136.8048,NGO,Nagoya (Chubu),KL4251,20260515,10:35,금,KLM네덜란드항공,2026-05-15 14:39:33
7C1305 (제주항공),"인천→Kansai (Osaka)
항공사: 제주항공
요일: 금
출발: 10:40
날짜: 2026-05-15",34.432,135.2304,KIX,Kansai (Osaka),7C1305,20260515,10:40,금,제주항공,2026-05-15 14:39:33
TW303 (티웨이항공),"인천→Kansai (Osaka)
항공사: 티웨이항공
요일: 금
출발: 10:50
날짜: 2026-05-15",34.432,135.2304,KIX,Kansai (Osaka),TW303,20260515,10:50,금,티웨이항공,2026-05-15 14:39:33
TW281 (티웨이항공),"인천→Okinawa (Naha)
항공사: 티웨이항공
요일: 금
출발: 11:00
날짜: 2026-05-15",26.1958,127.6458,OKA,Okinawa (Naha),TW281,20260515,11:00,금,티웨이항공,2026-05-15 14:39:33
KE791 (대한항공),"인천→Fukuoka
항공사: 대한항공
요일: 금
출발: 11:05
날짜: 2026-05-15",33.5859,130.4507,FUK,Fukuoka,KE791,20260515,11:05,금,대한항공,2026-05-15 14:39:33
DL7801 (델타항공),"인천→Fukuoka
항공사: 델타항공
요일: 금
출발: 11:05
날짜: 2026-05-15",33.5859,130.4507,FUK,Fukuoka,DL7801,20260515,11:05,금,델타항공,2026-05-15 14:39:33
JL5272 (일본항공),"인천→Fukuoka
항공사: 일본항공
요일: 금
출발: 11:05
날짜: 2026-05-15",33.5859,130.4507,FUK,Fukuoka,JL5272,20260515,11:05,금,일본항공,2026-05-15 14:39:33
KL3394 (KLM네덜란드항공),"인천→Fukuoka
항공사: KLM네덜란드항공
요일: 금
출발: 11:05
날짜: 2026-05-15",33.5859,130.4507,FUK,Fukuoka,KL3394,20260515,11:05,금,KLM네덜란드항공,2026-05-15 14:39:33
BX158 (에어부산),"인천→Fukuoka
항공사: 에어부산
요일: 금
출발: 11:10
날짜: 2026-05-15",33.5859,130.4507,FUK,Fukuoka,BX158,20260515,11:10,금,에어부산,2026-05-15 14:39:33
OZ9578 (아시아나항공),"인천→Fukuoka
항공사: 아시아나항공
요일: 금
출발: 11:10
날짜: 2026-05-15",33.5859,130.4507,FUK,Fukuoka,OZ9578,20260515,11:10,금,아시아나항공,2026-05-15 14:39:33
WE511 (파라타항공),"인천→Kansai (Osaka)
항공사: 파라타항공
요일: 금
출발: 11:10
날짜: 2026-05-15",34.432,135.2304,KIX,Kansai (Osaka),WE511,20260515,11:10,금,파라타항공,2026-05-15 14:39:33
WE503 (파라타항공),"인천→Narita (Tokyo)
항공사: 파라타항공
요일: 금
출발: 11:20
날짜: 2026-05-15",35.7719,140.3929,NRT,Narita (Tokyo),WE503,20260515,11:20,금,파라타항공,2026-05-15 14:39:33
7C1471 (제주항공),"인천→Fukuoka
항공사: 제주항공
요일: 금
출발: 11:30
날짜: 2026-05-15",33.5859,130.4507,FUK,Fukuoka,7C1471,20260515,11:30,금,제주항공,2026-05-15 14:39:33
ZE631 (이스타항공),"인천→Okinawa (Naha)
항공사: 이스타항공
요일: 금
출발: 11:30
날짜: 2026-05-15",26.1958,127.6458,OKA,Okinawa (Naha),ZE631,20260515,11:30,금,이스타항공,2026-05-15 14:39:33
7C1615 (제주항공),"인천→Hiroshima
항공사: 제주항공
요일: 금
출발: 12:00
날짜: 2026-05-15",34.4361,132.9194,HIJ,Hiroshima,7C1615,20260515,12:00,금,제주항공,2026-05-15 14:39:33
7C1503 (제주항공),"인천→Sapporo (Chitose)
항공사: 제주항공
요일: 금
출발: 12:15
날짜: 2026-05-15",42.7752,141.6923,CTS,Sapporo (Chitose),7C1503,20260515,12:15,금,제주항공,2026-05-15 14:39:33
LJ263 (진에어),"인천→Fukuoka
항공사: 진에어
요일: 금
출발: 12:15
날짜: 2026-05-15",33.5859,130.4507,FUK,Fukuoka,LJ263,20260515,12:15,금,진에어,2026-05-15 14:39:33
KE5075 (대한항공),"인천→Fukuoka
항공사: 대한항공
요일: 금
출발: 12:15
날짜: 2026-05-15",33.5859,130.4507,FUK,Fukuoka,KE5075,20260515,12:15,금,대한항공,2026-05-15 14:39:33
OZ104 (아시아나항공),"인천→Narita (Tokyo)
항공사: 아시아나항공
요일: 금
출발: 12:20
날짜: 2026-05-15",35.7719,140.3929,NRT,Narita (Tokyo),OZ104,20260515,12:20,금,아시아나항공,2026-05-15 14:39:33
NH6974 (전일본공수),"인천→Narita (Tokyo)
항공사: 전일본공수
요일: 금
출발: 12:20
날짜: 2026-05-15",35.7719,140.3929,NRT,Narita (Tokyo),NH6974,20260515,12:20,금,전일본공수,2026-05-15 14:39:33
ZE647 (이스타항공),"인천→Fukuoka
항공사: 이스타항공
요일: 금
출발: 12:30
날짜: 2026-05-15",33.5859,130.4507,FUK,Fukuoka,ZE647,20260515,12:30,금,이스타항공,2026-05-15 14:39:33
KE769 (대한항공),"인천→Sapporo (Chitose)
항공사: 대한항공
요일: 금
출발: 12:35
날짜: 2026-05-15",42.7752,141.6923,CTS,Sapporo (Chitose),KE769,20260515,12:35,금,대한항공,2026-05-15 14:39:33
KL4247 (KLM네덜란드항공),"인천→Sapporo (Chitose)
항공사: KLM네덜란드항공
요일: 금
출발: 12:35
날짜: 2026-05-15",42.7752,141.6923,CTS,Sapporo (Chitose),KL4247,20260515,12:35,금,KLM네덜란드항공,2026-05-15 14:39:33
DL7933 (델타항공),"인천→Sapporo (Chitose)
항공사: 델타항공
요일: 금
출발: 12:35
날짜: 2026-05-15",42.7752,141.6923,CTS,Sapporo (Chitose),DL7933,20260515,12:35,금,델타항공,2026-05-15 14:39:33
VS5545 (버진 애틀랜틱 항공),"인천→Sapporo (Chitose)
항공사: 버진 애틀랜틱 항공
요일: 금
출발: 12:35
날짜: 2026-05-15",42.7752,141.6923,CTS,Sapporo (Chitose),VS5545,20260515,12:35,금,버진 애틀랜틱 항공,2026-05-15 14:39:33
JL5152 (일본항공),"인천→Sapporo (Chitose)
항공사: 일본항공
요일: 금
출발: 12:35
날짜: 2026-05-15",42.7752,141.6923,CTS,Sapporo (Chitose),JL5152,20260515,12:35,금,일본항공,2026-05-15 14:39:33
AF5373 (에어 프랑스),"인천→Sapporo (Chitose)
항공사: 에어 프랑스
요일: 금
출발: 12:35
날짜: 2026-05-15",42.7752,141.6923,CTS,Sapporo (Chitose),AF5373,20260515,12:35,금,에어 프랑스,2026-05-15 14:39:33
BX174 (에어부산),"인천→Kansai (Osaka)
항공사: 에어부산
요일: 금
출발: 12:40
날짜: 2026-05-15",34.432,135.2304,KIX,Kansai (Osaka),BX174,20260515,12:40,금,에어부산,2026-05-15 14:39:33
OZ9570 (아시아나항공),"인천→Kansai (Osaka)
항공사: 아시아나항공
요일: 금
출발: 12:40
날짜: 2026-05-15",34.432,135.2304,KIX,Kansai (Osaka),OZ9570,20260515,12:40,금,아시아나항공,2026-05-15 14:39:33
KE707 (대한항공),"인천→Narita (Tokyo)
항공사: 대한항공
요일: 금
출발: 12:40
날짜: 2026-05-15",35.7719,140.3929,NRT,Narita (Tokyo),KE707,20260515,12:40,금,대한항공,2026-05-15 14:39:33
ZG046 (집에어),"인천→Narita (Tokyo)
항공사: 집에어
요일: 금
출발: 12:55
날짜: 2026-05-15",35.7719,140.3929,NRT,Narita (Tokyo),ZG046,20260515,12:55,금,집에어,2026-05-15 14:39:33
KE711 (대한항공),"인천→Narita (Tokyo)
항공사: 대한항공
요일: 금
출발: 13:00
날짜: 2026-05-15",35.7719,140.3929,NRT,Narita (Tokyo),KE711,20260515,13:00,금,대한항공,2026-05-15 14:39:33
DL7895 (델타항공),"인천→Narita (Tokyo)
항공사: 델타항공
요일: 금
출발: 13:00
날짜: 2026-05-15",35.7719,140.3929,NRT,Narita (Tokyo),DL7895,20260515,13:00,금,델타항공,2026-05-15 14:39:33
AM6705 (아에로멕시코),"인천→Narita (Tokyo)
항공사: 아에로멕시코
요일: 금
출발: 13:00
날짜: 2026-05-15",35.7719,140.3929,NRT,Narita (Tokyo),AM6705,20260515,13:00,금,아에로멕시코,2026-05-15 14:39:33
VS5541 (버진 애틀랜틱 항공),"인천→Narita (Tokyo)
항공사: 버진 애틀랜틱 항공
요일: 금
출발: 13:00
날짜: 2026-05-15",35.7719,140.3929,NRT,Narita (Tokyo),VS5541,20260515,13:00,금,버진 애틀랜틱 항공,2026-05-15 14:39:33
TN1575 (에어 타히티 누이),"인천→Narita (Tokyo)
항공사: 에어 타히티 누이
요일: 금
출발: 13:00
날짜: 2026-05-15",35.7719,140.3929,NRT,Narita (Tokyo),TN1575,20260515,13:00,금,에어 타히티 누이,2026-05-15 14:39:33
JL5250 (일본항공),"인천→Narita (Tokyo)
항공사: 일본항공
요일: 금
출발: 13:00
날짜: 2026-05-15",35.7719,140.3929,NRT,Narita (Tokyo),JL5250,20260515,13:00,금,일본항공,2026-05-15 14:39:33
AF7904 (에어 프랑스),"인천→Narita (Tokyo)
항공사: 에어 프랑스
요일: 금
출발: 13:00
날짜: 2026-05-15",35.7719,140.3929,NRT,Narita (Tokyo),AF7904,20260515,13:00,금,에어 프랑스,2026-05-15 14:39:33
RS713 (에어서울),"인천→Kansai (Osaka)
항공사: 에어서울
요일: 금
출발: 13:15
날짜: 2026-05-15",34.432,135.2304,KIX,Kansai (Osaka),RS713,20260515,13:15,금,에어서울,2026-05-15 14:39:33
7C1703 (제주항공),"인천→Matsuyama
항공사: 제주항공
요일: 금
출발: 13:15
날짜: 2026-05-15",33.8272,132.6997,MYJ,Matsuyama,7C1703,20260515,13:15,금,제주항공,2026-05-15 14:39:33
7C1801 (제주항공),"인천→Okinawa (Naha)
항공사: 제주항공
요일: 금
출발: 13:15
날짜: 2026-05-15",26.1958,127.6458,OKA,Okinawa (Naha),7C1801,20260515,13:15,금,제주항공,2026-05-15 14:39:33
7C1105 (제주항공),"인천→Narita (Tokyo)
항공사: 제주항공
요일: 금
출발: 13:20
날짜: 2026-05-15",35.7719,140.3929,NRT,Narita (Tokyo),7C1105,20260515,13:20,금,제주항공,2026-05-15 14:39:33
RS745 (에어서울),"인천→Yonago
항공사: 에어서울
요일: 금
출발: 13:25
날짜: 2026-05-15",35.4963,133.2635,YGJ,Yonago,RS745,20260515,13:25,금,에어서울,2026-05-15 14:39:33
7C1171 (제주항공),"인천→Narita (Tokyo)
항공사: 제주항공
요일: 금
출발: 13:45
날짜: 2026-05-15",35.7719,140.3929,NRT,Narita (Tokyo),7C1171,20260515,13:45,금,제주항공,2026-05-15 14:39:33
YP735 (에어프레미아),"인천→Narita (Tokyo)
항공사: 에어프레미아
요일: 금
출발: 13:50
날짜: 2026-05-15",35.7719,140.3929,NRT,Narita (Tokyo),YP735,20260515,13:50,금,에어프레미아,2026-05-15 14:39:33
OZ134 (아시아나항공),"인천→Fukuoka
항공사: 아시아나항공
요일: 금
출발: 13:55
날짜: 2026-05-15",33.5859,130.4507,FUK,Fukuoka,OZ134,20260515,13:55,금,아시아나항공,2026-05-15 14:39:33
AC6998 (에어캐나다),"인천→Fukuoka
항공사: 에어캐나다
요일: 금
출발: 13:55
날짜: 2026-05-15",33.5859,130.4507,FUK,Fukuoka,AC6998,20260515,13:55,금,에어캐나다,2026-05-15 14:39:33
ET1444 (에티오피아항공),"인천→Fukuoka
항공사: 에티오피아항공
요일: 금
출발: 13:55
날짜: 2026-05-15",33.5859,130.4507,FUK,Fukuoka,ET1444,20260515,13:55,금,에티오피아항공,2026-05-15 14:39:33
EY8467 (에티하드 항공),"인천→Fukuoka
항공사: 에티하드 항공
요일: 금
출발: 13:55
날짜: 2026-05-15",33.5859,130.4507,FUK,Fukuoka,EY8467,20260515,13:55,금,에티하드 항공,2026-05-15 14:39:33
NH6960 (전일본공수),"인천→Fukuoka
항공사: 전일본공수
요일: 금
출발: 13:55
날짜: 2026-05-15",33.5859,130.4507,FUK,Fukuoka,NH6960,20260515,13:55,금,전일본공수,2026-05-15 14:39:33
TK8094 (터키항공),"인천→Fukuoka
항공사: 터키항공
요일: 금
출발: 13:55
날짜: 2026-05-15",33.5859,130.4507,FUK,Fukuoka,TK8094,20260515,13:55,금,터키항공,2026-05-15 14:39:33
7C1393 (제주항공),"인천→Kansai (Osaka)
항공사: 제주항공
요일: 금
출발: 14:05
날짜: 2026-05-15",34.432,135.2304,KIX,Kansai (Osaka),7C1393,20260515,14:05,금,제주항공,2026-05-15 14:39:33
ZE607 (이스타항공),"인천→Narita (Tokyo)
항공사: 이스타항공
요일: 금
출발: 14:10
날짜: 2026-05-15",35.7719,140.3929,NRT,Narita (Tokyo),ZE607,20260515,14:10,금,이스타항공,2026-05-15 14:39:33
RS727 (에어서울),"인천→Fukuoka
항공사: 에어서울
요일: 금
출발: 14:25
날짜: 2026-05-15",33.5859,130.4507,FUK,Fukuoka,RS727,20260515,14:25,금,에어서울,2026-05-15 14:39:33
LJ359 (진에어),"인천→Takamatsu
항공사: 진에어
요일: 금
출발: 14:30
날짜: 2026-05-15",34.2141,134.0156,TAK,Takamatsu,LJ359,20260515,14:30,금,진에어,2026-05-15 14:39:33
MM706 (피치항공),"인천→Kansai (Osaka)
항공사: 피치항공
요일: 금
출발: 14:40
날짜: 2026-05-15",34.432,135.2304,KIX,Kansai (Osaka),MM706,20260515,14:40,금,피치항공,2026-05-15 14:39:33
LJ237 (진에어),"인천→Kansai (Osaka)
항공사: 진에어
요일: 금
출발: 14:40
날짜: 2026-05-15",34.432,135.2304,KIX,Kansai (Osaka),LJ237,20260515,14:40,금,진에어,2026-05-15 14:39:33
OZ172 (아시아나항공),"인천→Okinawa (Naha)
항공사: 아시아나항공
요일: 금
출발: 14:45
날짜: 2026-05-15",26.1958,127.6458,OKA,Okinawa (Naha),OZ172,20260515,14:45,금,아시아나항공,2026-05-15 14:39:33
NH6994 (전일본공수),"인천→Okinawa (Naha)
항공사: 전일본공수
요일: 금
출발: 14:45
날짜: 2026-05-15",26.1958,127.6458,OKA,Okinawa (Naha),NH6994,20260515,14:45,금,전일본공수,2026-05-15 14:39:33
BX176 (에어부산),"인천→Kansai (Osaka)
항공사: 에어부산
요일: 금
출발: 14:50
날짜: 2026-05-15",34.432,135.2304,KIX,Kansai (Osaka),BX176,20260515,14:50,금,에어부산,2026-05-15 14:39:33
OZ9572 (아시아나항공),"인천→Kansai (Osaka)
항공사: 아시아나항공
요일: 금
출발: 14:50
날짜: 2026-05-15",34.432,135.2304,KIX,Kansai (Osaka),OZ9572,20260515,14:50,금,아시아나항공,2026-05-15 14:39:33
7C1603 (제주항공),"인천→Shizuoka (Mt.Fuji)
항공사: 제주항공
요일: 금
출발: 14:55
날짜: 2026-05-15",34.7961,138.1797,FSZ,Shizuoka (Mt.Fuji),7C1603,20260515,14:55,금,제주항공,2026-05-15 14:39:33
TW205 (티웨이항공),"인천→Fukuoka
항공사: 티웨이항공
요일: 금
출발: 15:00
날짜: 2026-05-15",33.5859,130.4507,FUK,Fukuoka,TW205,20260515,15:00,금,티웨이항공,2026-05-15 14:39:33
TW245 (티웨이항공),"인천→Narita (Tokyo)
항공사: 티웨이항공
요일: 금
출발: 15:00
날짜: 2026-05-15",35.7719,140.3929,NRT,Narita (Tokyo),TW245,20260515,15:00,금,티웨이항공,2026-05-15 14:39:33
7C1107 (제주항공),"인천→Narita (Tokyo)
항공사: 제주항공
요일: 금
출발: 15:00
날짜: 2026-05-15",35.7719,140.3929,NRT,Narita (Tokyo),7C1107,20260515,15:00,금,제주항공,2026-05-15 14:39:33
KE725 (대한항공),"인천→Kansai (Osaka)
항공사: 대한항공
요일: 금
출발: 15:05
날짜: 2026-05-15",34.432,135.2304,KIX,Kansai (Osaka),KE725,20260515,15:05,금,대한항공,2026-05-15 14:39:33
VS5548 (버진 애틀랜틱 항공),"인천→Kansai (Osaka)
항공사: 버진 애틀랜틱 항공
요일: 금
출발: 15:05
날짜: 2026-05-15",34.432,135.2304,KIX,Kansai (Osaka),VS5548,20260515,15:05,금,버진 애틀랜틱 항공,2026-05-15 14:39:33
AF5374 (에어 프랑스),"인천→Kansai (Osaka)
항공사: 에어 프랑스
요일: 금
출발: 15:05
날짜: 2026-05-15",34.432,135.2304,KIX,Kansai (Osaka),AF5374,20260515,15:05,금,에어 프랑스,2026-05-15 14:39:33
DL7787 (델타항공),"인천→Kansai (Osaka)
항공사: 델타항공
요일: 금
출발: 15:05
날짜: 2026-05-15",34.432,135.2304,KIX,Kansai (Osaka),DL7787,20260515,15:05,금,델타항공,2026-05-15 14:39:33
JL5212 (일본항공),"인천→Kansai (Osaka)
항공사: 일본항공
요일: 금
출발: 15:05
날짜: 2026-05-15",34.432,135.2304,KIX,Kansai (Osaka),JL5212,20260515,15:05,금,일본항공,2026-05-15 14:39:33
OM6705 (몽골항공),"인천→Kansai (Osaka)
항공사: 몽골항공
요일: 금
출발: 15:05
날짜: 2026-05-15",34.432,135.2304,KIX,Kansai (Osaka),OM6705,20260515,15:05,금,몽골항공,2026-05-15 14:39:33
7C1203 (제주항공),"인천→Nagoya (Chubu)
항공사: 제주항공
요일: 금
출발: 15:05
날짜: 2026-05-15",34.8584,136.8048,NGO,Nagoya (Chubu),7C1203,20260515,15:05,금,제주항공,2026-05-15 14:39:33
ZE603 (이스타항공),"인천→Narita (Tokyo)
항공사: 이스타항공
요일: 금
출발: 15:10
날짜: 2026-05-15",35.7719,140.3929,NRT,Narita (Tokyo),ZE603,20260515,15:10,금,이스타항공,2026-05-15 14:39:33
7C1405 (제주항공),"인천→Fukuoka
항공사: 제주항공
요일: 금
출발: 15:15
날짜: 2026-05-15",33.5859,130.4507,FUK,Fukuoka,7C1405,20260515,15:15,금,제주항공,2026-05-15 14:39:33
ZE613 (이스타항공),"인천→Kansai (Osaka)
항공사: 이스타항공
요일: 금
출발: 15:15
날짜: 2026-05-15",34.432,135.2304,KIX,Kansai (Osaka),ZE613,20260515,15:15,금,이스타항공,2026-05-15 14:39:33
RS715 (에어서울),"인천→Kansai (Osaka)
항공사: 에어서울
요일: 금
출발: 15:20
날짜: 2026-05-15",34.432,135.2304,KIX,Kansai (Osaka),RS715,20260515,15:20,금,에어서울,2026-05-15 14:39:33
ZE639 (이스타항공),"인천→Fukuoka
항공사: 이스타항공
요일: 금
출발: 15:25
날짜: 2026-05-15",33.5859,130.4507,FUK,Fukuoka,ZE639,20260515,15:25,금,이스타항공,2026-05-15 14:39:33
LJ265 (진에어),"인천→Fukuoka
항공사: 진에어
요일: 금
출발: 15:35
날짜: 2026-05-15",33.5859,130.4507,FUK,Fukuoka,LJ265,20260515,15:35,금,진에어,2026-05-15 14:39:33
LJ211 (진에어),"인천→Narita (Tokyo)
항공사: 진에어
요일: 금
출발: 15:35
날짜: 2026-05-15",35.7719,140.3929,NRT,Narita (Tokyo),LJ211,20260515,15:35,금,진에어,2026-05-15 14:39:33
LJ349 (진에어),"인천→Kitakyushu
항공사: 진에어
요일: 금
출발: 15:45
날짜: 2026-05-15",33.8458,131.035,KKJ,Kitakyushu,LJ349,20260515,15:45,금,진에어,2026-05-15 14:39:33
KE5749 (대한항공),"인천→Kitakyushu
항공사: 대한항공
요일: 금
출발: 15:45
날짜: 2026-05-15",33.8458,131.035,KKJ,Kitakyushu,KE5749,20260515,15:45,금,대한항공,2026-05-15 14:39:33
OZ106 (아시아나항공),"인천→Narita (Tokyo)
항공사: 아시아나항공
요일: 금
출발: 15:45
날짜: 2026-05-15",35.7719,140.3929,NRT,Narita (Tokyo),OZ106,20260515,15:45,금,아시아나항공,2026-05-15 14:39:33
EY8454 (에티하드 항공),"인천→Narita (Tokyo)
항공사: 에티하드 항공
요일: 금
출발: 15:45
날짜: 2026-05-15",35.7719,140.3929,NRT,Narita (Tokyo),EY8454,20260515,15:45,금,에티하드 항공,2026-05-15 14:39:33
NH6976 (전일본공수),"인천→Narita (Tokyo)
항공사: 전일본공수
요일: 금
출발: 15:45
날짜: 2026-05-15",35.7719,140.3929,NRT,Narita (Tokyo),NH6976,20260515,15:45,금,전일본공수,2026-05-15 14:39:33
NZ4056 (에어 뉴질랜드),"인천→Narita (Tokyo)
항공사: 에어 뉴질랜드
요일: 금
출발: 15:45
날짜: 2026-05-15",35.7719,140.3929,NRT,Narita (Tokyo),NZ4056,20260515,15:45,금,에어 뉴질랜드,2026-05-15 14:39:33
UA7322 (유나이티드항공),"인천→Narita (Tokyo)
항공사: 유나이티드항공
요일: 금
출발: 15:45
날짜: 2026-05-15",35.7719,140.3929,NRT,Narita (Tokyo),UA7322,20260515,15:45,금,유나이티드항공,2026-05-15 14:39:33
TW305 (티웨이항공),"인천→Kansai (Osaka)
항공사: 티웨이항공
요일: 금
출발: 15:55
날짜: 2026-05-15",34.432,135.2304,KIX,Kansai (Osaka),TW305,20260515,15:55,금,티웨이항공,2026-05-15 14:39:33
LJ347 (진에어),"인천→Nagoya (Chubu)
항공사: 진에어
요일: 금
출발: 16:05
날짜: 2026-05-15",34.8584,136.8048,NGO,Nagoya (Chubu),LJ347,20260515,16:05,금,진에어,2026-05-15 14:39:33
KE5081 (대한항공),"인천→Nagoya (Chubu)
항공사: 대한항공
요일: 금
출발: 16:05
날짜: 2026-05-15",34.8584,136.8048,NGO,Nagoya (Chubu),KE5081,20260515,16:05,금,대한항공,2026-05-15 14:39:33
LJ239 (진에어),"인천→Kansai (Osaka)
항공사: 진에어
요일: 금
출발: 16:10
날짜: 2026-05-15",34.432,135.2304,KIX,Kansai (Osaka),LJ239,20260515,16:10,금,진에어,2026-05-15 14:39:33
OZ124 (아시아나항공),"인천→Nagoya (Chubu)
항공사: 아시아나항공
요일: 금
출발: 16:10
날짜: 2026-05-15",34.8584,136.8048,NGO,Nagoya (Chubu),OZ124,20260515,16:10,금,아시아나항공,2026-05-15 14:39:33
EY8471 (에티하드 항공),"인천→Nagoya (Chubu)
항공사: 에티하드 항공
요일: 금
출발: 16:10
날짜: 2026-05-15",34.8584,136.8048,NGO,Nagoya (Chubu),EY8471,20260515,16:10,금,에티하드 항공,2026-05-15 14:39:33
NH6966 (전일본공수),"인천→Nagoya (Chubu)
항공사: 전일본공수
요일: 금
출발: 16:10
날짜: 2026-05-15",34.8584,136.8048,NGO,Nagoya (Chubu),NH6966,20260515,16:10,금,전일본공수,2026-05-15 14:39:33
TK8092 (터키항공),"인천→Nagoya (Chubu)
항공사: 터키항공
요일: 금
출발: 16:10
날짜: 2026-05-15",34.8584,136.8048,NGO,Nagoya (Chubu),TK8092,20260515,16:10,금,터키항공,2026-05-15 14:39:33
BX166 (에어부산),"인천→Narita (Tokyo)
항공사: 에어부산
요일: 금
출발: 16:15
날짜: 2026-05-15",35.7719,140.3929,NRT,Narita (Tokyo),BX166,20260515,16:15,금,에어부산,2026-05-15 14:39:33
KE2179 (대한항공),"인천→Kagoshima
항공사: 대한항공
요일: 금
출발: 16:20
날짜: 2026-05-15",31.8039,130.7194,KOJ,Kagoshima,KE2179,20260515,16:20,금,대한항공,2026-05-15 14:39:33
DL7899 (델타항공),"인천→Kagoshima
항공사: 델타항공
요일: 금
출발: 16:20
날짜: 2026-05-15",31.8039,130.7194,KOJ,Kagoshima,DL7899,20260515,16:20,금,델타항공,2026-05-15 14:39:33
JL5248 (일본항공),"인천→Kagoshima
항공사: 일본항공
요일: 금
출발: 16:20
날짜: 2026-05-15",31.8039,130.7194,KOJ,Kagoshima,JL5248,20260515,16:20,금,일본항공,2026-05-15 14:39:33
7C1109 (제주항공),"인천→Narita (Tokyo)
항공사: 제주항공
요일: 금
출발: 16:20
날짜: 2026-05-15",35.7719,140.3929,NRT,Narita (Tokyo),7C1109,20260515,16:20,금,제주항공,2026-05-15 14:39:33
KE795 (대한항공),"인천→Fukuoka
항공사: 대한항공
요일: 금
출발: 16:25
날짜: 2026-05-15",33.5859,130.4507,FUK,Fukuoka,KE795,20260515,16:25,금,대한항공,2026-05-15 14:39:33
OZ114 (아시아나항공),"인천→Kansai (Osaka)
항공사: 아시아나항공
요일: 금
출발: 16:40
날짜: 2026-05-15",34.432,135.2304,KIX,Kansai (Osaka),OZ114,20260515,16:40,금,아시아나항공,2026-05-15 14:39:33
EY8449 (에티하드 항공),"인천→Kansai (Osaka)
항공사: 에티하드 항공
요일: 금
출발: 16:40
날짜: 2026-05-15",34.432,135.2304,KIX,Kansai (Osaka),EY8449,20260515,16:40,금,에티하드 항공,2026-05-15 14:39:33
NH6954 (전일본공수),"인천→Kansai (Osaka)
항공사: 전일본공수
요일: 금
출발: 16:40
날짜: 2026-05-15",34.432,135.2304,KIX,Kansai (Osaka),NH6954,20260515,16:40,금,전일본공수,2026-05-15 14:39:33
RS703 (에어서울),"인천→Narita (Tokyo)
항공사: 에어서울
요일: 금
출발: 16:45
날짜: 2026-05-15",35.7719,140.3929,NRT,Narita (Tokyo),RS703,20260515,16:45,금,에어서울,2026-05-15 14:39:33
LJ271 (진에어),"인천→Fukuoka
항공사: 진에어
요일: 금
출발: 17:00
날짜: 2026-05-15",33.5859,130.4507,FUK,Fukuoka,LJ271,20260515,17:00,금,진에어,2026-05-15 14:39:33
KE5095 (대한항공),"인천→Fukuoka
항공사: 대한항공
요일: 금
출발: 17:00
날짜: 2026-05-15",33.5859,130.4507,FUK,Fukuoka,KE5095,20260515,17:00,금,대한항공,2026-05-15 14:39:33
7C1307 (제주항공),"인천→Kansai (Osaka)
항공사: 제주항공
요일: 금
출발: 17:00
날짜: 2026-05-15",34.432,135.2304,KIX,Kansai (Osaka),7C1307,20260515,17:00,금,제주항공,2026-05-15 14:39:33
KE2155 (대한항공),"인천→Kumamoto
항공사: 대한항공
요일: 금
출발: 17:05
날짜: 2026-05-15",32.8372,130.855,KMJ,Kumamoto,KE2155,20260515,17:05,금,대한항공,2026-05-15 14:39:33
DL7918 (델타항공),"인천→Kumamoto
항공사: 델타항공
요일: 금
출발: 17:05
날짜: 2026-05-15",32.8372,130.855,KMJ,Kumamoto,DL7918,20260515,17:05,금,델타항공,2026-05-15 14:39:33
ET672 (에티오피아항공),"인천→Narita (Tokyo)
항공사: 에티오피아항공
요일: 금
출발: 17:15
날짜: 2026-05-15",35.7719,140.3929,NRT,Narita (Tokyo),ET672,20260515,17:15,금,에티오피아항공,2026-05-15 14:39:33
NH5340 (전일본공수),"인천→Narita (Tokyo)
항공사: 전일본공수
요일: 금
출발: 17:15
날짜: 2026-05-15",35.7719,140.3929,NRT,Narita (Tokyo),NH5340,20260515,17:15,금,전일본공수,2026-05-15 14:39:33
KE713 (대한항공),"인천→Narita (Tokyo)
항공사: 대한항공
요일: 금
출발: 17:15
날짜: 2026-05-15",35.7719,140.3929,NRT,Narita (Tokyo),KE713,20260515,17:15,금,대한항공,2026-05-15 14:39:33
DL7897 (델타항공),"인천→Narita (Tokyo)
항공사: 델타항공
요일: 금
출발: 17:15
날짜: 2026-05-15",35.7719,140.3929,NRT,Narita (Tokyo),DL7897,20260515,17:15,금,델타항공,2026-05-15 14:39:33
AM6752 (아에로멕시코),"인천→Narita (Tokyo)
항공사: 아에로멕시코
요일: 금
출발: 17:15
날짜: 2026-05-15",35.7719,140.3929,NRT,Narita (Tokyo),AM6752,20260515,17:15,금,아에로멕시코,2026-05-15 14:39:33
JL5252 (일본항공),"인천→Narita (Tokyo)
항공사: 일본항공
요일: 금
출발: 17:15
날짜: 2026-05-15",35.7719,140.3929,NRT,Narita (Tokyo),JL5252,20260515,17:15,금,일본항공,2026-05-15 14:39:33
AF5378 (에어 프랑스),"인천→Narita (Tokyo)
항공사: 에어 프랑스
요일: 금
출발: 17:15
날짜: 2026-05-15",35.7719,140.3929,NRT,Narita (Tokyo),AF5378,20260515,17:15,금,에어 프랑스,2026-05-15 14:39:33
7C1407 (제주항공),"인천→Fukuoka
항공사: 제주항공
요일: 금
출발: 17:20
날짜: 2026-05-15",33.5859,130.4507,FUK,Fukuoka,7C1407,20260515,17:20,금,제주항공,2026-05-15 14:39:33
TW207 (티웨이항공),"인천→Fukuoka
항공사: 티웨이항공
요일: 금
출발: 18:05
날짜: 2026-05-15",33.5859,130.4507,FUK,Fukuoka,TW207,20260515,18:05,금,티웨이항공,2026-05-15 14:39:33
ZE649 (이스타항공),"인천→Fukuoka
항공사: 이스타항공
요일: 금
출발: 18:20
날짜: 2026-05-15",33.5859,130.4507,FUK,Fukuoka,ZE649,20260515,18:20,금,이스타항공,2026-05-15 14:39:33
7C1431 (제주항공),"인천→Fukuoka
항공사: 제주항공
요일: 금
출발: 18:30
날짜: 2026-05-15",33.5859,130.4507,FUK,Fukuoka,7C1431,20260515,18:30,금,제주항공,2026-05-15 14:39:33
OZ108 (아시아나항공),"인천→Narita (Tokyo)
항공사: 아시아나항공
요일: 금
출발: 18:30
날짜: 2026-05-15",35.7719,140.3929,NRT,Narita (Tokyo),OZ108,20260515,18:30,금,아시아나항공,2026-05-15 14:39:33
EY8455 (에티하드 항공),"인천→Narita (Tokyo)
항공사: 에티하드 항공
요일: 금
출발: 18:30
날짜: 2026-05-15",35.7719,140.3929,NRT,Narita (Tokyo),EY8455,20260515,18:30,금,에티하드 항공,2026-05-15 14:39:33
NH6978 (전일본공수),"인천→Narita (Tokyo)
항공사: 전일본공수
요일: 금
출발: 18:30
날짜: 2026-05-15",35.7719,140.3929,NRT,Narita (Tokyo),NH6978,20260515,18:30,금,전일본공수,2026-05-15 14:39:33
UA7297 (유나이티드항공),"인천→Narita (Tokyo)
항공사: 유나이티드항공
요일: 금
출발: 18:30
날짜: 2026-05-15",35.7719,140.3929,NRT,Narita (Tokyo),UA7297,20260515,18:30,금,유나이티드항공,2026-05-15 14:39:33
KE781 (대한항공),"인천→Fukuoka
항공사: 대한항공
요일: 금
출발: 18:35
날짜: 2026-05-15",33.5859,130.4507,FUK,Fukuoka,KE781,20260515,18:35,금,대한항공,2026-05-15 14:39:33
DL7797 (델타항공),"인천→Fukuoka
항공사: 델타항공
요일: 금
출발: 18:35
날짜: 2026-05-15",33.5859,130.4507,FUK,Fukuoka,DL7797,20260515,18:35,금,델타항공,2026-05-15 14:39:33
OM6711 (몽골항공),"인천→Fukuoka
항공사: 몽골항공
요일: 금
출발: 18:35
날짜: 2026-05-15",33.5859,130.4507,FUK,Fukuoka,OM6711,20260515,18:35,금,몽골항공,2026-05-15 14:39:33
JL5224 (일본항공),"인천→Fukuoka
항공사: 일본항공
요일: 금
출발: 18:35
날짜: 2026-05-15",33.5859,130.4507,FUK,Fukuoka,JL5224,20260515,18:35,금,일본항공,2026-05-15 14:39:33
AF7894 (에어 프랑스),"인천→Fukuoka
항공사: 에어 프랑스
요일: 금
출발: 18:35
날짜: 2026-05-15",33.5859,130.4507,FUK,Fukuoka,AF7894,20260515,18:35,금,에어 프랑스,2026-05-15 14:39:33
VS5509 (버진 애틀랜틱 항공),"인천→Fukuoka
항공사: 버진 애틀랜틱 항공
요일: 금
출발: 18:35
날짜: 2026-05-15",33.5859,130.4507,FUK,Fukuoka,VS5509,20260515,18:35,금,버진 애틀랜틱 항공,2026-05-15 14:39:33
KL4258 (KLM네덜란드항공),"인천→Fukuoka
항공사: KLM네덜란드항공
요일: 금
출발: 18:35
날짜: 2026-05-15",33.5859,130.4507,FUK,Fukuoka,KL4258,20260515,18:35,금,KLM네덜란드항공,2026-05-15 14:39:33
KE705 (대한항공),"인천→Narita (Tokyo)
항공사: 대한항공
요일: 금
출발: 18:35
날짜: 2026-05-15",35.7719,140.3929,NRT,Narita (Tokyo),KE705,20260515,18:35,금,대한항공,2026-05-15 14:39:33
DL7781 (델타항공),"인천→Narita (Tokyo)
항공사: 델타항공
요일: 금
출발: 18:35
날짜: 2026-05-15",35.7719,140.3929,NRT,Narita (Tokyo),DL7781,20260515,18:35,금,델타항공,2026-05-15 14:39:33
AM6700 (아에로멕시코),"인천→Narita (Tokyo)
항공사: 아에로멕시코
요일: 금
출발: 18:35
날짜: 2026-05-15",35.7719,140.3929,NRT,Narita (Tokyo),AM6700,20260515,18:35,금,아에로멕시코,2026-05-15 14:39:33
JL5206 (일본항공),"인천→Narita (Tokyo)
항공사: 일본항공
요일: 금
출발: 18:35
날짜: 2026-05-15",35.7719,140.3929,NRT,Narita (Tokyo),JL5206,20260515,18:35,금,일본항공,2026-05-15 14:39:33
VS5503 (버진 애틀랜틱 항공),"인천→Narita (Tokyo)
항공사: 버진 애틀랜틱 항공
요일: 금
출발: 18:35
날짜: 2026-05-15",35.7719,140.3929,NRT,Narita (Tokyo),VS5503,20260515,18:35,금,버진 애틀랜틱 항공,2026-05-15 14:39:33
AF5376 (에어 프랑스),"인천→Narita (Tokyo)
항공사: 에어 프랑스
요일: 금
출발: 18:35
날짜: 2026-05-15",35.7719,140.3929,NRT,Narita (Tokyo),AF5376,20260515,18:35,금,에어 프랑스,2026-05-15 14:39:33
KE721 (대한항공),"인천→Kansai (Osaka)
항공사: 대한항공
요일: 금
출발: 18:45
날짜: 2026-05-15",34.432,135.2304,KIX,Kansai (Osaka),KE721,20260515,18:45,금,대한항공,2026-05-15 14:39:33
KE743 (대한항공),"인천→Nagoya (Chubu)
항공사: 대한항공
요일: 금
출발: 19:00
날짜: 2026-05-15",34.8584,136.8048,NGO,Nagoya (Chubu),KE743,20260515,19:00,금,대한항공,2026-05-15 14:39:33
DL7793 (델타항공),"인천→Nagoya (Chubu)
항공사: 델타항공
요일: 금
출발: 19:00
날짜: 2026-05-15",34.8584,136.8048,NGO,Nagoya (Chubu),DL7793,20260515,19:00,금,델타항공,2026-05-15 14:39:33
OM6717 (몽골항공),"인천→Nagoya (Chubu)
항공사: 몽골항공
요일: 금
출발: 19:00
날짜: 2026-05-15",34.8584,136.8048,NGO,Nagoya (Chubu),OM6717,20260515,19:00,금,몽골항공,2026-05-15 14:39:33
JL5218 (일본항공),"인천→Nagoya (Chubu)
항공사: 일본항공
요일: 금
출발: 19:00
날짜: 2026-05-15",34.8584,136.8048,NGO,Nagoya (Chubu),JL5218,20260515,19:00,금,일본항공,2026-05-15 14:39:33
VS5507 (버진 애틀랜틱 항공),"인천→Nagoya (Chubu)
항공사: 버진 애틀랜틱 항공
요일: 금
출발: 19:00
날짜: 2026-05-15",34.8584,136.8048,NGO,Nagoya (Chubu),VS5507,20260515,19:00,금,버진 애틀랜틱 항공,2026-05-15 14:39:33
AF7907 (에어 프랑스),"인천→Nagoya (Chubu)
항공사: 에어 프랑스
요일: 금
출발: 19:00
날짜: 2026-05-15",34.8584,136.8048,NGO,Nagoya (Chubu),AF7907,20260515,19:00,금,에어 프랑스,2026-05-15 14:39:33
KL9848 (KLM네덜란드항공),"인천→Nagoya (Chubu)
항공사: KLM네덜란드항공
요일: 금
출발: 19:00
날짜: 2026-05-15",34.8584,136.8048,NGO,Nagoya (Chubu),KL9848,20260515,19:00,금,KLM네덜란드항공,2026-05-15 14:39:33
7C1395 (제주항공),"인천→Kansai (Osaka)
항공사: 제주항공
요일: 금
출발: 19:20
날짜: 2026-05-15",34.432,135.2304,KIX,Kansai (Osaka),7C1395,20260515,19:20,금,제주항공,2026-05-15 14:39:33
RF314 (에어로케이항공),"인천→Kansai (Osaka)
항공사: 에어로케이항공
요일: 금
출발: 19:35
날짜: 2026-05-15",34.432,135.2304,KIX,Kansai (Osaka),RF314,20260515,19:35,금,에어로케이항공,2026-05-15 14:39:33
OZ116 (아시아나항공),"인천→Kansai (Osaka)
항공사: 아시아나항공
요일: 금
출발: 19:35
날짜: 2026-05-15",34.432,135.2304,KIX,Kansai (Osaka),OZ116,20260515,19:35,금,아시아나항공,2026-05-15 14:39:33
AC6974 (에어캐나다),"인천→Kansai (Osaka)
항공사: 에어캐나다
요일: 금
출발: 19:35
날짜: 2026-05-15",34.432,135.2304,KIX,Kansai (Osaka),AC6974,20260515,19:35,금,에어캐나다,2026-05-15 14:39:33
ET1290 (에티오피아항공),"인천→Kansai (Osaka)
항공사: 에티오피아항공
요일: 금
출발: 19:35
날짜: 2026-05-15",34.432,135.2304,KIX,Kansai (Osaka),ET1290,20260515,19:35,금,에티오피아항공,2026-05-15 14:39:33
EY8450 (에티하드 항공),"인천→Kansai (Osaka)
항공사: 에티하드 항공
요일: 금
출발: 19:35
날짜: 2026-05-15",34.432,135.2304,KIX,Kansai (Osaka),EY8450,20260515,19:35,금,에티하드 항공,2026-05-15 14:39:33
NH6956 (전일본공수),"인천→Kansai (Osaka)
항공사: 전일본공수
요일: 금
출발: 19:35
날짜: 2026-05-15",34.432,135.2304,KIX,Kansai (Osaka),NH6956,20260515,19:35,금,전일본공수,2026-05-15 14:39:33
KE751 (대한항공),"인천→Haneda (Tokyo)
항공사: 대한항공
요일: 금
출발: 20:30
날짜: 2026-05-15",35.5494,139.7798,HND,Haneda (Tokyo),KE751,20260515,20:30,금,대한항공,2026-05-15 14:39:33
AF5366 (에어 프랑스),"인천→Haneda (Tokyo)
항공사: 에어 프랑스
요일: 금
출발: 20:30
날짜: 2026-05-15",35.5494,139.7798,HND,Haneda (Tokyo),AF5366,20260515,20:30,금,에어 프랑스,2026-05-15 14:39:33
JL5256 (일본항공),"인천→Haneda (Tokyo)
항공사: 일본항공
요일: 금
출발: 20:30
날짜: 2026-05-15",35.5494,139.7798,HND,Haneda (Tokyo),JL5256,20260515,20:30,금,일본항공,2026-05-15 14:39:33
VS5529 (버진 애틀랜틱 항공),"인천→Haneda (Tokyo)
항공사: 버진 애틀랜틱 항공
요일: 금
출발: 20:30
날짜: 2026-05-15",35.5494,139.7798,HND,Haneda (Tokyo),VS5529,20260515,20:30,금,버진 애틀랜틱 항공,2026-05-15 14:39:33
OZ118 (아시아나항공),"인천→Kansai (Osaka)
항공사: 아시아나항공
요일: 금
출발: 20:40
날짜: 2026-05-15",34.432,135.2304,KIX,Kansai (Osaka),OZ118,20260515,20:40,금,아시아나항공,2026-05-15 14:39:33
KE737 (대한항공),"인천→Kansai (Osaka)
항공사: 대한항공
요일: 금
출발: 20:50
날짜: 2026-05-15",34.432,135.2304,KIX,Kansai (Osaka),KE737,20260515,20:50,금,대한항공,2026-05-15 14:39:33
JL5268 (일본항공),"인천→Kansai (Osaka)
항공사: 일본항공
요일: 금
출발: 20:50
날짜: 2026-05-15",34.432,135.2304,KIX,Kansai (Osaka),JL5268,20260515,20:50,금,일본항공,2026-05-15 14:39:33
DL7874 (델타항공),"인천→Kansai (Osaka)
항공사: 델타항공
요일: 금
출발: 20:50
날짜: 2026-05-15",34.432,135.2304,KIX,Kansai (Osaka),DL7874,20260515,20:50,금,델타항공,2026-05-15 14:39:33
MM710 (피치항공),"인천→Kansai (Osaka)
항공사: 피치항공
요일: 금
출발: 20:55
날짜: 2026-05-15",34.432,135.2304,KIX,Kansai (Osaka),MM710,20260515,20:55,금,피치항공,2026-05-15 14:39:33
OZ178 (아시아나항공),"인천→Haneda (Tokyo)
항공사: 아시아나항공
요일: 금
출발: 21:10
날짜: 2026-05-15",35.5494,139.7798,HND,Haneda (Tokyo),OZ178,20260515,21:10,금,아시아나항공,2026-05-15 14:39:33
NH6896 (전일본공수),"인천→Haneda (Tokyo)
항공사: 전일본공수
요일: 금
출발: 21:10
날짜: 2026-05-15",35.5494,139.7798,HND,Haneda (Tokyo),NH6896,20260515,21:10,금,전일본공수,2026-05-15 14:39:33
MM808 (피치항공),"인천→Haneda (Tokyo)
항공사: 피치항공
요일: 금
출발: 22:35
날짜: 2026-05-15",35.5494,139.7798,HND,Haneda (Tokyo),MM808,20260515,22:35,금,피치항공,2026-05-15 14:39:33
RF316 (에어로케이항공),"인천→Kansai (Osaka)
항공사: 에어로케이항공
요일: 토
출발: 06:20
날짜: 2026-05-16",34.432,135.2304,KIX,Kansai (Osaka),RF316,20260516,06:20,토,에어로케이항공,2026-05-16 07:12:02
OZ132 (아시아나항공),"인천→Fukuoka
항공사: 아시아나항공
요일: 토
출발: 06:30
날짜: 2026-05-16",33.5859,130.4507,FUK,Fukuoka,OZ132,20260516,06:30,토,아시아나항공,2026-05-16 07:12:02
7C1401 (제주항공),"인천→Fukuoka
항공사: 제주항공
요일: 토
출발: 06:30
날짜: 2026-05-16",33.5859,130.4507,FUK,Fukuoka,7C1401,20260516,06:30,토,제주항공,2026-05-16 07:12:02
OZ112 (아시아나항공),"인천→Kansai (Osaka)
항공사: 아시아나항공
요일: 토
출발: 06:55
날짜: 2026-05-16",34.432,135.2304,KIX,Kansai (Osaka),OZ112,20260516,06:55,토,아시아나항공,2026-05-16 07:12:02
NH6952 (전일본공수),"인천→Kansai (Osaka)
항공사: 전일본공수
요일: 토
출발: 06:55
날짜: 2026-05-16",34.432,135.2304,KIX,Kansai (Osaka),NH6952,20260516,06:55,토,전일본공수,2026-05-16 07:12:02
EY8448 (에티하드 항공),"인천→Kansai (Osaka)
항공사: 에티하드 항공
요일: 토
출발: 06:55
날짜: 2026-05-16",34.432,135.2304,KIX,Kansai (Osaka),EY8448,20260516,06:55,토,에티하드 항공,2026-05-16 07:12:02
7C1701 (제주항공),"인천→Matsuyama
항공사: 제주항공
요일: 토
출발: 07:00
날짜: 2026-05-16",33.8272,132.6997,MYJ,Matsuyama,7C1701,20260516,07:00,토,제주항공,2026-05-16 07:12:02
7C1601 (제주항공),"인천→Shizuoka (Mt.Fuji)
항공사: 제주항공
요일: 토
출발: 07:05
날짜: 2026-05-16",34.7961,138.1797,FSZ,Shizuoka (Mt.Fuji),7C1601,20260516,07:05,토,제주항공,2026-05-16 07:12:02
7C1301 (제주항공),"인천→Kansai (Osaka)
항공사: 제주항공
요일: 토
출발: 07:10
날짜: 2026-05-16",34.432,135.2304,KIX,Kansai (Osaka),7C1301,20260516,07:10,토,제주항공,2026-05-16 07:12:02
7C1173 (제주항공),"인천→Narita (Tokyo)
항공사: 제주항공
요일: 토
출발: 07:10
날짜: 2026-05-16",35.7719,140.3929,NRT,Narita (Tokyo),7C1173,20260516,07:10,토,제주항공,2026-05-16 07:12:02
BX164 (에어부산),"인천→Narita (Tokyo)
항공사: 에어부산
요일: 토
출발: 07:10
날짜: 2026-05-16",35.7719,140.3929,NRT,Narita (Tokyo),BX164,20260516,07:10,토,에어부산,2026-05-16 07:12:02
LJ261 (진에어),"인천→Fukuoka
항공사: 진에어
요일: 토
출발: 07:15
날짜: 2026-05-16",33.5859,130.4507,FUK,Fukuoka,LJ261,20260516,07:15,토,진에어,2026-05-16 07:12:02
RS711 (에어서울),"인천→Kansai (Osaka)
항공사: 에어서울
요일: 토
출발: 07:15
날짜: 2026-05-16",34.432,135.2304,KIX,Kansai (Osaka),RS711,20260516,07:15,토,에어서울,2026-05-16 07:12:02
RS723 (에어서울),"인천→Fukuoka
항공사: 에어서울
요일: 토
출발: 07:20
날짜: 2026-05-16",33.5859,130.4507,FUK,Fukuoka,RS723,20260516,07:20,토,에어서울,2026-05-16 07:12:02
BX156 (에어부산),"인천→Fukuoka
항공사: 에어부산
요일: 토
출발: 07:20
날짜: 2026-05-16",33.5859,130.4507,FUK,Fukuoka,BX156,20260516,07:20,토,에어부산,2026-05-16 07:12:02
OZ9576 (아시아나항공),"인천→Fukuoka
항공사: 아시아나항공
요일: 토
출발: 07:20
날짜: 2026-05-16",33.5859,130.4507,FUK,Fukuoka,OZ9576,20260516,07:20,토,아시아나항공,2026-05-16 07:12:02
ZE605 (이스타항공),"인천→Narita (Tokyo)
항공사: 이스타항공
요일: 토
출발: 07:25
날짜: 2026-05-16",35.7719,140.3929,NRT,Narita (Tokyo),ZE605,20260516,07:25,토,이스타항공,2026-05-16 07:12:02
LJ201 (진에어),"인천→Narita (Tokyo)
항공사: 진에어
요일: 토
출발: 07:25
날짜: 2026-05-16",35.7719,140.3929,NRT,Narita (Tokyo),LJ201,20260516,07:25,토,진에어,2026-05-16 07:12:02
KE5741 (대한항공),"인천→Narita (Tokyo)
항공사: 대한항공
요일: 토
출발: 07:25
날짜: 2026-05-16",35.7719,140.3929,NRT,Narita (Tokyo),KE5741,20260516,07:25,토,대한항공,2026-05-16 07:12:02
MM712 (피치항공),"인천→Kansai (Osaka)
항공사: 피치항공
요일: 토
출발: 07:30
날짜: 2026-05-16",34.432,135.2304,KIX,Kansai (Osaka),MM712,20260516,07:30,토,피치항공,2026-05-16 07:12:02
LJ345 (진에어),"인천→Nagoya (Chubu)
항공사: 진에어
요일: 토
출발: 07:30
날짜: 2026-05-16",34.8584,136.8048,NGO,Nagoya (Chubu),LJ345,20260516,07:30,토,진에어,2026-05-16 07:12:02
KE5079 (대한항공),"인천→Nagoya (Chubu)
항공사: 대한항공
요일: 토
출발: 07:30
날짜: 2026-05-16",34.8584,136.8048,NGO,Nagoya (Chubu),KE5079,20260516,07:30,토,대한항공,2026-05-16 07:12:02
LJ231 (진에어),"인천→Kansai (Osaka)
항공사: 진에어
요일: 토
출발: 07:40
날짜: 2026-05-16",34.432,135.2304,KIX,Kansai (Osaka),LJ231,20260516,07:40,토,진에어,2026-05-16 07:12:02
KE5071 (대한항공),"인천→Kansai (Osaka)
항공사: 대한항공
요일: 토
출발: 07:40
날짜: 2026-05-16",34.432,135.2304,KIX,Kansai (Osaka),KE5071,20260516,07:40,토,대한항공,2026-05-16 07:12:02
7C1611 (제주항공),"인천→Hiroshima
항공사: 제주항공
요일: 토
출발: 07:45
날짜: 2026-05-16",34.4361,132.9194,HIJ,Hiroshima,7C1611,20260516,07:45,토,제주항공,2026-05-16 07:12:02
7C1391 (제주항공),"인천→Kansai (Osaka)
항공사: 제주항공
요일: 토
출발: 07:55
날짜: 2026-05-16",34.432,135.2304,KIX,Kansai (Osaka),7C1391,20260516,07:55,토,제주항공,2026-05-16 07:12:02
TW287 (티웨이항공),"인천→Kumamoto
항공사: 티웨이항공
요일: 토
출발: 07:55
날짜: 2026-05-16",32.8372,130.855,KMJ,Kumamoto,TW287,20260516,07:55,토,티웨이항공,2026-05-16 07:12:02
LJ203 (진에어),"인천→Narita (Tokyo)
항공사: 진에어
요일: 토
출발: 07:55
날짜: 2026-05-16",35.7719,140.3929,NRT,Narita (Tokyo),LJ203,20260516,07:55,토,진에어,2026-05-16 07:12:02
KE787 (대한항공),"인천→Fukuoka
항공사: 대한항공
요일: 토
출발: 08:00
날짜: 2026-05-16",33.5859,130.4507,FUK,Fukuoka,KE787,20260516,08:00,토,대한항공,2026-05-16 07:12:02
DL7892 (델타항공),"인천→Fukuoka
항공사: 델타항공
요일: 토
출발: 08:00
날짜: 2026-05-16",33.5859,130.4507,FUK,Fukuoka,DL7892,20260516,08:00,토,델타항공,2026-05-16 07:12:02
OM6709 (몽골항공),"인천→Fukuoka
항공사: 몽골항공
요일: 토
출발: 08:00
날짜: 2026-05-16",33.5859,130.4507,FUK,Fukuoka,OM6709,20260516,08:00,토,몽골항공,2026-05-16 07:12:02
JL5220 (일본항공),"인천→Fukuoka
항공사: 일본항공
요일: 토
출발: 08:00
날짜: 2026-05-16",33.5859,130.4507,FUK,Fukuoka,JL5220,20260516,08:00,토,일본항공,2026-05-16 07:12:02
KL4252 (KLM네덜란드항공),"인천→Fukuoka
항공사: KLM네덜란드항공
요일: 토
출발: 08:00
날짜: 2026-05-16",33.5859,130.4507,FUK,Fukuoka,KL4252,20260516,08:00,토,KLM네덜란드항공,2026-05-16 07:12:02
TW301 (티웨이항공),"인천→Kansai (Osaka)
항공사: 티웨이항공
요일: 토
출발: 08:00
날짜: 2026-05-16",34.432,135.2304,KIX,Kansai (Osaka),TW301,20260516,08:00,토,티웨이항공,2026-05-16 07:12:02
ZE601 (이스타항공),"인천→Narita (Tokyo)
항공사: 이스타항공
요일: 토
출발: 08:00
날짜: 2026-05-16",35.7719,140.3929,NRT,Narita (Tokyo),ZE601,20260516,08:00,토,이스타항공,2026-05-16 07:12:02
LJ241 (진에어),"인천→Kansai (Osaka)
항공사: 진에어
요일: 토
출발: 08:10
날짜: 2026-05-16",34.432,135.2304,KIX,Kansai (Osaka),LJ241,20260516,08:10,토,진에어,2026-05-16 07:12:02
RS705 (에어서울),"인천→Narita (Tokyo)
항공사: 에어서울
요일: 토
출발: 08:10
날짜: 2026-05-16",35.7719,140.3929,NRT,Narita (Tokyo),RS705,20260516,08:10,토,에어서울,2026-05-16 07:12:02
7C1101 (제주항공),"인천→Narita (Tokyo)
항공사: 제주항공
요일: 토
출발: 08:10
날짜: 2026-05-16",35.7719,140.3929,NRT,Narita (Tokyo),7C1101,20260516,08:10,토,제주항공,2026-05-16 07:12:02
LJ301 (진에어),"인천→Sapporo (Chitose)
항공사: 진에어
요일: 토
출발: 08:20
날짜: 2026-05-16",42.7752,141.6923,CTS,Sapporo (Chitose),LJ301,20260516,08:20,토,진에어,2026-05-16 07:12:02
KE5061 (대한항공),"인천→Sapporo (Chitose)
항공사: 대한항공
요일: 토
출발: 08:20
날짜: 2026-05-16",42.7752,141.6923,CTS,Sapporo (Chitose),KE5061,20260516,08:20,토,대한항공,2026-05-16 07:12:02
7C1875 (제주항공),"인천→Okinawa (Naha)
항공사: 제주항공
요일: 토
출발: 08:20
날짜: 2026-05-16",26.1958,127.6458,OKA,Okinawa (Naha),7C1875,20260516,08:20,토,제주항공,2026-05-16 07:12:02
OZ102 (아시아나항공),"인천→Narita (Tokyo)
항공사: 아시아나항공
요일: 토
출발: 08:25
날짜: 2026-05-16",35.7719,140.3929,NRT,Narita (Tokyo),OZ102,20260516,08:25,토,아시아나항공,2026-05-16 07:12:02
EY8453 (에티하드 항공),"인천→Narita (Tokyo)
항공사: 에티하드 항공
요일: 토
출발: 08:25
날짜: 2026-05-16",35.7719,140.3929,NRT,Narita (Tokyo),EY8453,20260516,08:25,토,에티하드 항공,2026-05-16 07:12:02
NH6972 (전일본공수),"인천→Narita (Tokyo)
항공사: 전일본공수
요일: 토
출발: 08:25
날짜: 2026-05-16",35.7719,140.3929,NRT,Narita (Tokyo),NH6972,20260516,08:25,토,전일본공수,2026-05-16 07:12:02
NZ4060 (에어 뉴질랜드),"인천→Narita (Tokyo)
항공사: 에어 뉴질랜드
요일: 토
출발: 08:25
날짜: 2026-05-16",35.7719,140.3929,NRT,Narita (Tokyo),NZ4060,20260516,08:25,토,에어 뉴질랜드,2026-05-16 07:12:02
UA7318 (유나이티드항공),"인천→Narita (Tokyo)
항공사: 유나이티드항공
요일: 토
출발: 08:25
날짜: 2026-05-16",35.7719,140.3929,NRT,Narita (Tokyo),UA7318,20260516,08:25,토,유나이티드항공,2026-05-16 07:12:02
TW241 (티웨이항공),"인천→Narita (Tokyo)
항공사: 티웨이항공
요일: 토
출발: 08:35
날짜: 2026-05-16",35.7719,140.3929,NRT,Narita (Tokyo),TW241,20260516,08:35,토,티웨이항공,2026-05-16 07:12:02
ZE645 (이스타항공),"인천→Fukuoka
항공사: 이스타항공
요일: 토
출발: 08:45
날짜: 2026-05-16",33.5859,130.4507,FUK,Fukuoka,ZE645,20260516,08:45,토,이스타항공,2026-05-16 07:12:02
RS741 (에어서울),"인천→Takamatsu
항공사: 에어서울
요일: 토
출발: 08:45
날짜: 2026-05-16",34.2141,134.0156,TAK,Takamatsu,RS741,20260516,08:45,토,에어서울,2026-05-16 07:12:02
YP731 (에어프레미아),"인천→Narita (Tokyo)
항공사: 에어프레미아
요일: 토
출발: 08:50
날짜: 2026-05-16",35.7719,140.3929,NRT,Narita (Tokyo),YP731,20260516,08:50,토,에어프레미아,2026-05-16 07:12:02
LJ269 (진에어),"인천→Fukuoka
항공사: 진에어
요일: 토
출발: 09:00
날짜: 2026-05-16",33.5859,130.4507,FUK,Fukuoka,LJ269,20260516,09:00,토,진에어,2026-05-16 07:12:02
7C1303 (제주항공),"인천→Kansai (Osaka)
항공사: 제주항공
요일: 토
출발: 09:05
날짜: 2026-05-16",34.432,135.2304,KIX,Kansai (Osaka),7C1303,20260516,09:05,토,제주항공,2026-05-16 07:12:02
OZ122 (아시아나항공),"인천→Nagoya (Chubu)
항공사: 아시아나항공
요일: 토
출발: 09:10
날짜: 2026-05-16",34.8584,136.8048,NGO,Nagoya (Chubu),OZ122,20260516,09:10,토,아시아나항공,2026-05-16 07:12:02
EY8457 (에티하드 항공),"인천→Nagoya (Chubu)
항공사: 에티하드 항공
요일: 토
출발: 09:10
날짜: 2026-05-16",34.8584,136.8048,NGO,Nagoya (Chubu),EY8457,20260516,09:10,토,에티하드 항공,2026-05-16 07:12:02
NH6964 (전일본공수),"인천→Nagoya (Chubu)
항공사: 전일본공수
요일: 토
출발: 09:10
날짜: 2026-05-16",34.8584,136.8048,NGO,Nagoya (Chubu),NH6964,20260516,09:10,토,전일본공수,2026-05-16 07:12:02
ZE611 (이스타항공),"인천→Kansai (Osaka)
항공사: 이스타항공
요일: 토
출발: 09:15
날짜: 2026-05-16",34.432,135.2304,KIX,Kansai (Osaka),ZE611,20260516,09:15,토,이스타항공,2026-05-16 07:12:02
ZE625 (이스타항공),"인천→Sapporo (Chitose)
항공사: 이스타항공
요일: 토
출발: 09:20
날짜: 2026-05-16",42.7752,141.6923,CTS,Sapporo (Chitose),ZE625,20260516,09:20,토,이스타항공,2026-05-16 07:12:02
RS701 (에어서울),"인천→Narita (Tokyo)
항공사: 에어서울
요일: 토
출발: 09:20
날짜: 2026-05-16",35.7719,140.3929,NRT,Narita (Tokyo),RS701,20260516,09:20,토,에어서울,2026-05-16 07:12:02
KE2147 (대한항공),"인천→Okinawa (Naha)
항공사: 대한항공
요일: 토
출발: 09:20
날짜: 2026-05-16",26.1958,127.6458,OKA,Okinawa (Naha),KE2147,20260516,09:20,토,대한항공,2026-05-16 07:12:02
KL9164 (KLM네덜란드항공),"인천→Okinawa (Naha)
항공사: KLM네덜란드항공
요일: 토
출발: 09:20
날짜: 2026-05-16",26.1958,127.6458,OKA,Okinawa (Naha),KL9164,20260516,09:20,토,KLM네덜란드항공,2026-05-16 07:12:02
DL7795 (델타항공),"인천→Okinawa (Naha)
항공사: 델타항공
요일: 토
출발: 09:20
날짜: 2026-05-16",26.1958,127.6458,OKA,Okinawa (Naha),DL7795,20260516,09:20,토,델타항공,2026-05-16 07:12:02
VS5513 (버진 애틀랜틱 항공),"인천→Okinawa (Naha)
항공사: 버진 애틀랜틱 항공
요일: 토
출발: 09:20
날짜: 2026-05-16",26.1958,127.6458,OKA,Okinawa (Naha),VS5513,20260516,09:20,토,버진 애틀랜틱 항공,2026-05-16 07:12:02
JL5274 (일본항공),"인천→Okinawa (Naha)
항공사: 일본항공
요일: 토
출발: 09:20
날짜: 2026-05-16",26.1958,127.6458,OKA,Okinawa (Naha),JL5274,20260516,09:20,토,일본항공,2026-05-16 07:12:02
7C1201 (제주항공),"인천→Nagoya (Chubu)
항공사: 제주항공
요일: 토
출발: 09:30
날짜: 2026-05-16",34.8584,136.8048,NGO,Nagoya (Chubu),7C1201,20260516,09:30,토,제주항공,2026-05-16 07:12:02
KE723 (대한항공),"인천→Kansai (Osaka)
항공사: 대한항공
요일: 토
출발: 09:35
날짜: 2026-05-16",34.432,135.2304,KIX,Kansai (Osaka),KE723,20260516,09:35,토,대한항공,2026-05-16 07:12:02
DL7785 (델타항공),"인천→Kansai (Osaka)
항공사: 델타항공
요일: 토
출발: 09:35
날짜: 2026-05-16",34.432,135.2304,KIX,Kansai (Osaka),DL7785,20260516,09:35,토,델타항공,2026-05-16 07:12:02
OM6703 (몽골항공),"인천→Kansai (Osaka)
항공사: 몽골항공
요일: 토
출발: 09:35
날짜: 2026-05-16",34.432,135.2304,KIX,Kansai (Osaka),OM6703,20260516,09:35,토,몽골항공,2026-05-16 07:12:02
JL5210 (일본항공),"인천→Kansai (Osaka)
항공사: 일본항공
요일: 토
출발: 09:35
날짜: 2026-05-16",34.432,135.2304,KIX,Kansai (Osaka),JL5210,20260516,09:35,토,일본항공,2026-05-16 07:12:02
OZ152 (아시아나항공),"인천→Sendai
항공사: 아시아나항공
요일: 토
출발: 09:35
날짜: 2026-05-16",38.1397,140.9169,SDJ,Sendai,OZ152,20260516,09:35,토,아시아나항공,2026-05-16 07:12:02
NH6982 (전일본공수),"인천→Sendai
항공사: 전일본공수
요일: 토
출발: 09:35
날짜: 2026-05-16",38.1397,140.9169,SDJ,Sendai,NH6982,20260516,09:35,토,전일본공수,2026-05-16 07:12:02
LJ273 (진에어),"인천→Fukuoka
항공사: 진에어
요일: 토
출발: 09:40
날짜: 2026-05-16",33.5859,130.4507,FUK,Fukuoka,LJ273,20260516,09:40,토,진에어,2026-05-16 07:12:02
BX172 (에어부산),"인천→Kansai (Osaka)
항공사: 에어부산
요일: 토
출발: 09:40
날짜: 2026-05-16",34.432,135.2304,KIX,Kansai (Osaka),BX172,20260516,09:40,토,에어부산,2026-05-16 07:12:02
OZ9568 (아시아나항공),"인천→Kansai (Osaka)
항공사: 아시아나항공
요일: 토
출발: 09:40
날짜: 2026-05-16",34.432,135.2304,KIX,Kansai (Osaka),OZ9568,20260516,09:40,토,아시아나항공,2026-05-16 07:12:02
7C1403 (제주항공),"인천→Fukuoka
항공사: 제주항공
요일: 토
출발: 09:45
날짜: 2026-05-16",33.5859,130.4507,FUK,Fukuoka,7C1403,20260516,09:45,토,제주항공,2026-05-16 07:12:02
7C1175 (제주항공),"인천→Narita (Tokyo)
항공사: 제주항공
요일: 토
출발: 09:45
날짜: 2026-05-16",35.7719,140.3929,NRT,Narita (Tokyo),7C1175,20260516,09:45,토,제주항공,2026-05-16 07:12:02
LJ341 (진에어),"인천→Okinawa (Naha)
항공사: 진에어
요일: 토
출발: 09:45
날짜: 2026-05-16",26.1958,127.6458,OKA,Okinawa (Naha),LJ341,20260516,09:45,토,진에어,2026-05-16 07:12:02
KE5745 (대한항공),"인천→Okinawa (Naha)
항공사: 대한항공
요일: 토
출발: 09:45
날짜: 2026-05-16",26.1958,127.6458,OKA,Okinawa (Naha),KE5745,20260516,09:45,토,대한항공,2026-05-16 07:12:02
WE501 (파라타항공),"인천→Narita (Tokyo)
항공사: 파라타항공
요일: 토
출발: 09:50
날짜: 2026-05-16",35.7719,140.3929,NRT,Narita (Tokyo),WE501,20260516,09:50,토,파라타항공,2026-05-16 07:12:02
TW201 (티웨이항공),"인천→Fukuoka
항공사: 티웨이항공
요일: 토
출발: 10:05
날짜: 2026-05-16",33.5859,130.4507,FUK,Fukuoka,TW201,20260516,10:05,토,티웨이항공,2026-05-16 07:12:02
TW263 (티웨이항공),"인천→Sapporo (Chitose)
항공사: 티웨이항공
요일: 토
출발: 10:10
날짜: 2026-05-16",42.7752,141.6923,CTS,Sapporo (Chitose),TW263,20260516,10:10,토,티웨이항공,2026-05-16 07:12:02
LJ233 (진에어),"인천→Kansai (Osaka)
항공사: 진에어
요일: 토
출발: 10:10
날짜: 2026-05-16",34.432,135.2304,KIX,Kansai (Osaka),LJ233,20260516,10:10,토,진에어,2026-05-16 07:12:02
KE703 (대한항공),"인천→Narita (Tokyo)
항공사: 대한항공
요일: 토
출발: 10:10
날짜: 2026-05-16",35.7719,140.3929,NRT,Narita (Tokyo),KE703,20260516,10:10,토,대한항공,2026-05-16 07:12:02
JL5202 (일본항공),"인천→Narita (Tokyo)
항공사: 일본항공
요일: 토
출발: 10:10
날짜: 2026-05-16",35.7719,140.3929,NRT,Narita (Tokyo),JL5202,20260516,10:10,토,일본항공,2026-05-16 07:12:02
DL7779 (델타항공),"인천→Narita (Tokyo)
항공사: 델타항공
요일: 토
출발: 10:10
날짜: 2026-05-16",35.7719,140.3929,NRT,Narita (Tokyo),DL7779,20260516,10:10,토,델타항공,2026-05-16 07:12:02
AM6750 (아에로멕시코),"인천→Narita (Tokyo)
항공사: 아에로멕시코
요일: 토
출발: 10:10
날짜: 2026-05-16",35.7719,140.3929,NRT,Narita (Tokyo),AM6750,20260516,10:10,토,아에로멕시코,2026-05-16 07:12:02
TN1577 (에어 타히티 누이),"인천→Narita (Tokyo)
항공사: 에어 타히티 누이
요일: 토
출발: 10:10
날짜: 2026-05-16",35.7719,140.3929,NRT,Narita (Tokyo),TN1577,20260516,10:10,토,에어 타히티 누이,2026-05-16 07:12:02
OZ174 (아시아나항공),"인천→Sapporo (Chitose)
항공사: 아시아나항공
요일: 토
출발: 10:15
날짜: 2026-05-16",42.7752,141.6923,CTS,Sapporo (Chitose),OZ174,20260516,10:15,토,아시아나항공,2026-05-16 07:12:02
ET1294 (에티오피아항공),"인천→Sapporo (Chitose)
항공사: 에티오피아항공
요일: 토
출발: 10:15
날짜: 2026-05-16",42.7752,141.6923,CTS,Sapporo (Chitose),ET1294,20260516,10:15,토,에티오피아항공,2026-05-16 07:12:02
NH6998 (전일본공수),"인천→Sapporo (Chitose)
항공사: 전일본공수
요일: 토
출발: 10:15
날짜: 2026-05-16",42.7752,141.6923,CTS,Sapporo (Chitose),NH6998,20260516,10:15,토,전일본공수,2026-05-16 07:12:02
MM714 (피치항공),"인천→Kansai (Osaka)
항공사: 피치항공
요일: 토
출발: 10:20
날짜: 2026-05-16",34.432,135.2304,KIX,Kansai (Osaka),MM714,20260516,10:20,토,피치항공,2026-05-16 07:12:02
TW243 (티웨이항공),"인천→Narita (Tokyo)
항공사: 티웨이항공
요일: 토
출발: 10:20
날짜: 2026-05-16",35.7719,140.3929,NRT,Narita (Tokyo),TW243,20260516,10:20,토,티웨이항공,2026-05-16 07:12:02
7C1103 (제주항공),"인천→Narita (Tokyo)
항공사: 제주항공
요일: 토
출발: 10:25
날짜: 2026-05-16",35.7719,140.3929,NRT,Narita (Tokyo),7C1103,20260516,10:25,토,제주항공,2026-05-16 07:12:02
KE765 (대한항공),"인천→Sapporo (Chitose)
항공사: 대한항공
요일: 토
출발: 10:35
날짜: 2026-05-16",42.7752,141.6923,CTS,Sapporo (Chitose),KE765,20260516,10:35,토,대한항공,2026-05-16 07:12:02
DL7898 (델타항공),"인천→Sapporo (Chitose)
항공사: 델타항공
요일: 토
출발: 10:35
날짜: 2026-05-16",42.7752,141.6923,CTS,Sapporo (Chitose),DL7898,20260516,10:35,토,델타항공,2026-05-16 07:12:02
JL5208 (일본항공),"인천→Sapporo (Chitose)
항공사: 일본항공
요일: 토
출발: 10:35
날짜: 2026-05-16",42.7752,141.6923,CTS,Sapporo (Chitose),JL5208,20260516,10:35,토,일본항공,2026-05-16 07:12:02
VS5511 (버진 애틀랜틱 항공),"인천→Sapporo (Chitose)
항공사: 버진 애틀랜틱 항공
요일: 토
출발: 10:35
날짜: 2026-05-16",42.7752,141.6923,CTS,Sapporo (Chitose),VS5511,20260516,10:35,토,버진 애틀랜틱 항공,2026-05-16 07:12:02
KL4255 (KLM네덜란드항공),"인천→Sapporo (Chitose)
항공사: KLM네덜란드항공
요일: 토
출발: 10:35
날짜: 2026-05-16",42.7752,141.6923,CTS,Sapporo (Chitose),KL4255,20260516,10:35,토,KLM네덜란드항공,2026-05-16 07:12:02
KE741 (대한항공),"인천→Nagoya (Chubu)
항공사: 대한항공
요일: 토
출발: 10:35
날짜: 2026-05-16",34.8584,136.8048,NGO,Nagoya (Chubu),KE741,20260516,10:35,토,대한항공,2026-05-16 07:12:02
DL7791 (델타항공),"인천→Nagoya (Chubu)
항공사: 델타항공
요일: 토
출발: 10:35
날짜: 2026-05-16",34.8584,136.8048,NGO,Nagoya (Chubu),DL7791,20260516,10:35,토,델타항공,2026-05-16 07:12:02
JL5216 (일본항공),"인천→Nagoya (Chubu)
항공사: 일본항공
요일: 토
출발: 10:35
날짜: 2026-05-16",34.8584,136.8048,NGO,Nagoya (Chubu),JL5216,20260516,10:35,토,일본항공,2026-05-16 07:12:02
KL4251 (KLM네덜란드항공),"인천→Nagoya (Chubu)
항공사: KLM네덜란드항공
요일: 토
출발: 10:35
날짜: 2026-05-16",34.8584,136.8048,NGO,Nagoya (Chubu),KL4251,20260516,10:35,토,KLM네덜란드항공,2026-05-16 07:12:02
OM6715 (몽골항공),"인천→Nagoya (Chubu)
항공사: 몽골항공
요일: 토
출발: 10:35
날짜: 2026-05-16",34.8584,136.8048,NGO,Nagoya (Chubu),OM6715,20260516,10:35,토,몽골항공,2026-05-16 07:12:02
7C1305 (제주항공),"인천→Kansai (Osaka)
항공사: 제주항공
요일: 토
출발: 10:40
날짜: 2026-05-16",34.432,135.2304,KIX,Kansai (Osaka),7C1305,20260516,10:40,토,제주항공,2026-05-16 07:12:02
TW303 (티웨이항공),"인천→Kansai (Osaka)
항공사: 티웨이항공
요일: 토
출발: 10:50
날짜: 2026-05-16",34.432,135.2304,KIX,Kansai (Osaka),TW303,20260516,10:50,토,티웨이항공,2026-05-16 07:12:02
TW281 (티웨이항공),"인천→Okinawa (Naha)
항공사: 티웨이항공
요일: 토
출발: 11:00
날짜: 2026-05-16",26.1958,127.6458,OKA,Okinawa (Naha),TW281,20260516,11:00,토,티웨이항공,2026-05-16 07:12:02
KE791 (대한항공),"인천→Fukuoka
항공사: 대한항공
요일: 토
출발: 11:05
날짜: 2026-05-16",33.5859,130.4507,FUK,Fukuoka,KE791,20260516,11:05,토,대한항공,2026-05-16 07:12:02
DL7801 (델타항공),"인천→Fukuoka
항공사: 델타항공
요일: 토
출발: 11:05
날짜: 2026-05-16",33.5859,130.4507,FUK,Fukuoka,DL7801,20260516,11:05,토,델타항공,2026-05-16 07:12:02
JL5272 (일본항공),"인천→Fukuoka
항공사: 일본항공
요일: 토
출발: 11:05
날짜: 2026-05-16",33.5859,130.4507,FUK,Fukuoka,JL5272,20260516,11:05,토,일본항공,2026-05-16 07:12:02
KL3394 (KLM네덜란드항공),"인천→Fukuoka
항공사: KLM네덜란드항공
요일: 토
출발: 11:05
날짜: 2026-05-16",33.5859,130.4507,FUK,Fukuoka,KL3394,20260516,11:05,토,KLM네덜란드항공,2026-05-16 07:12:02
BX158 (에어부산),"인천→Fukuoka
항공사: 에어부산
요일: 토
출발: 11:10
날짜: 2026-05-16",33.5859,130.4507,FUK,Fukuoka,BX158,20260516,11:10,토,에어부산,2026-05-16 07:12:02
OZ9578 (아시아나항공),"인천→Fukuoka
항공사: 아시아나항공
요일: 토
출발: 11:10
날짜: 2026-05-16",33.5859,130.4507,FUK,Fukuoka,OZ9578,20260516,11:10,토,아시아나항공,2026-05-16 07:12:02
WE511 (파라타항공),"인천→Kansai (Osaka)
항공사: 파라타항공
요일: 토
출발: 11:10
날짜: 2026-05-16",34.432,135.2304,KIX,Kansai (Osaka),WE511,20260516,11:10,토,파라타항공,2026-05-16 07:12:02
WE503 (파라타항공),"인천→Narita (Tokyo)
항공사: 파라타항공
요일: 토
출발: 11:20
날짜: 2026-05-16",35.7719,140.3929,NRT,Narita (Tokyo),WE503,20260516,11:20,토,파라타항공,2026-05-16 07:12:02
7C1471 (제주항공),"인천→Fukuoka
항공사: 제주항공
요일: 토
출발: 11:30
날짜: 2026-05-16",33.5859,130.4507,FUK,Fukuoka,7C1471,20260516,11:30,토,제주항공,2026-05-16 07:12:02
ZE631 (이스타항공),"인천→Okinawa (Naha)
항공사: 이스타항공
요일: 토
출발: 11:30
날짜: 2026-05-16",26.1958,127.6458,OKA,Okinawa (Naha),ZE631,20260516,11:30,토,이스타항공,2026-05-16 07:12:02
7C1615 (제주항공),"인천→Hiroshima
항공사: 제주항공
요일: 토
출발: 12:00
날짜: 2026-05-16",34.4361,132.9194,HIJ,Hiroshima,7C1615,20260516,12:00,토,제주항공,2026-05-16 07:12:02
7C1503 (제주항공),"인천→Sapporo (Chitose)
항공사: 제주항공
요일: 토
출발: 12:15
날짜: 2026-05-16",42.7752,141.6923,CTS,Sapporo (Chitose),7C1503,20260516,12:15,토,제주항공,2026-05-16 07:12:02
LJ263 (진에어),"인천→Fukuoka
항공사: 진에어
요일: 토
출발: 12:15
날짜: 2026-05-16",33.5859,130.4507,FUK,Fukuoka,LJ263,20260516,12:15,토,진에어,2026-05-16 07:12:02
KE5075 (대한항공),"인천→Fukuoka
항공사: 대한항공
요일: 토
출발: 12:15
날짜: 2026-05-16",33.5859,130.4507,FUK,Fukuoka,KE5075,20260516,12:15,토,대한항공,2026-05-16 07:12:02
OZ104 (아시아나항공),"인천→Narita (Tokyo)
항공사: 아시아나항공
요일: 토
출발: 12:20
날짜: 2026-05-16",35.7719,140.3929,NRT,Narita (Tokyo),OZ104,20260516,12:20,토,아시아나항공,2026-05-16 07:12:02
NH6974 (전일본공수),"인천→Narita (Tokyo)
항공사: 전일본공수
요일: 토
출발: 12:20
날짜: 2026-05-16",35.7719,140.3929,NRT,Narita (Tokyo),NH6974,20260516,12:20,토,전일본공수,2026-05-16 07:12:02
ZE647 (이스타항공),"인천→Fukuoka
항공사: 이스타항공
요일: 토
출발: 12:30
날짜: 2026-05-16",33.5859,130.4507,FUK,Fukuoka,ZE647,20260516,12:30,토,이스타항공,2026-05-16 07:12:02
KE769 (대한항공),"인천→Sapporo (Chitose)
항공사: 대한항공
요일: 토
출발: 12:35
날짜: 2026-05-16",42.7752,141.6923,CTS,Sapporo (Chitose),KE769,20260516,12:35,토,대한항공,2026-05-16 07:12:02
DL7933 (델타항공),"인천→Sapporo (Chitose)
항공사: 델타항공
요일: 토
출발: 12:35
날짜: 2026-05-16",42.7752,141.6923,CTS,Sapporo (Chitose),DL7933,20260516,12:35,토,델타항공,2026-05-16 07:12:02
VS5545 (버진 애틀랜틱 항공),"인천→Sapporo (Chitose)
항공사: 버진 애틀랜틱 항공
요일: 토
출발: 12:35
날짜: 2026-05-16",42.7752,141.6923,CTS,Sapporo (Chitose),VS5545,20260516,12:35,토,버진 애틀랜틱 항공,2026-05-16 07:12:02
JL5152 (일본항공),"인천→Sapporo (Chitose)
항공사: 일본항공
요일: 토
출발: 12:35
날짜: 2026-05-16",42.7752,141.6923,CTS,Sapporo (Chitose),JL5152,20260516,12:35,토,일본항공,2026-05-16 07:12:02
AF5373 (에어 프랑스),"인천→Sapporo (Chitose)
항공사: 에어 프랑스
요일: 토
출발: 12:35
날짜: 2026-05-16",42.7752,141.6923,CTS,Sapporo (Chitose),AF5373,20260516,12:35,토,에어 프랑스,2026-05-16 07:12:02
KL4247 (KLM네덜란드항공),"인천→Sapporo (Chitose)
항공사: KLM네덜란드항공
요일: 토
출발: 12:35
날짜: 2026-05-16",42.7752,141.6923,CTS,Sapporo (Chitose),KL4247,20260516,12:35,토,KLM네덜란드항공,2026-05-16 07:12:02
BX174 (에어부산),"인천→Kansai (Osaka)
항공사: 에어부산
요일: 토
출발: 12:40
날짜: 2026-05-16",34.432,135.2304,KIX,Kansai (Osaka),BX174,20260516,12:40,토,에어부산,2026-05-16 07:12:02
OZ9570 (아시아나항공),"인천→Kansai (Osaka)
항공사: 아시아나항공
요일: 토
출발: 12:40
날짜: 2026-05-16",34.432,135.2304,KIX,Kansai (Osaka),OZ9570,20260516,12:40,토,아시아나항공,2026-05-16 07:12:02
KE707 (대한항공),"인천→Narita (Tokyo)
항공사: 대한항공
요일: 토
출발: 12:40
날짜: 2026-05-16",35.7719,140.3929,NRT,Narita (Tokyo),KE707,20260516,12:40,토,대한항공,2026-05-16 07:12:02
ZG046 (집에어),"인천→Narita (Tokyo)
항공사: 집에어
요일: 토
출발: 12:55
날짜: 2026-05-16",35.7719,140.3929,NRT,Narita (Tokyo),ZG046,20260516,12:55,토,집에어,2026-05-16 07:12:02
KE711 (대한항공),"인천→Narita (Tokyo)
항공사: 대한항공
요일: 토
출발: 13:00
날짜: 2026-05-16",35.7719,140.3929,NRT,Narita (Tokyo),KE711,20260516,13:00,토,대한항공,2026-05-16 07:12:02
DL7895 (델타항공),"인천→Narita (Tokyo)
항공사: 델타항공
요일: 토
출발: 13:00
날짜: 2026-05-16",35.7719,140.3929,NRT,Narita (Tokyo),DL7895,20260516,13:00,토,델타항공,2026-05-16 07:12:02
AM6705 (아에로멕시코),"인천→Narita (Tokyo)
항공사: 아에로멕시코
요일: 토
출발: 13:00
날짜: 2026-05-16",35.7719,140.3929,NRT,Narita (Tokyo),AM6705,20260516,13:00,토,아에로멕시코,2026-05-16 07:12:02
VS5541 (버진 애틀랜틱 항공),"인천→Narita (Tokyo)
항공사: 버진 애틀랜틱 항공
요일: 토
출발: 13:00
날짜: 2026-05-16",35.7719,140.3929,NRT,Narita (Tokyo),VS5541,20260516,13:00,토,버진 애틀랜틱 항공,2026-05-16 07:12:02
TN1575 (에어 타히티 누이),"인천→Narita (Tokyo)
항공사: 에어 타히티 누이
요일: 토
출발: 13:00
날짜: 2026-05-16",35.7719,140.3929,NRT,Narita (Tokyo),TN1575,20260516,13:00,토,에어 타히티 누이,2026-05-16 07:12:02
JL5250 (일본항공),"인천→Narita (Tokyo)
항공사: 일본항공
요일: 토
출발: 13:00
날짜: 2026-05-16",35.7719,140.3929,NRT,Narita (Tokyo),JL5250,20260516,13:00,토,일본항공,2026-05-16 07:12:02
AF7904 (에어 프랑스),"인천→Narita (Tokyo)
항공사: 에어 프랑스
요일: 토
출발: 13:00
날짜: 2026-05-16",35.7719,140.3929,NRT,Narita (Tokyo),AF7904,20260516,13:00,토,에어 프랑스,2026-05-16 07:12:02
RS713 (에어서울),"인천→Kansai (Osaka)
항공사: 에어서울
요일: 토
출발: 13:15
날짜: 2026-05-16",34.432,135.2304,KIX,Kansai (Osaka),RS713,20260516,13:15,토,에어서울,2026-05-16 07:12:02
7C1703 (제주항공),"인천→Matsuyama
항공사: 제주항공
요일: 토
출발: 13:15
날짜: 2026-05-16",33.8272,132.6997,MYJ,Matsuyama,7C1703,20260516,13:15,토,제주항공,2026-05-16 07:12:02
7C1801 (제주항공),"인천→Okinawa (Naha)
항공사: 제주항공
요일: 토
출발: 13:15
날짜: 2026-05-16",26.1958,127.6458,OKA,Okinawa (Naha),7C1801,20260516,13:15,토,제주항공,2026-05-16 07:12:02
7C1105 (제주항공),"인천→Narita (Tokyo)
항공사: 제주항공
요일: 토
출발: 13:20
날짜: 2026-05-16",35.7719,140.3929,NRT,Narita (Tokyo),7C1105,20260516,13:20,토,제주항공,2026-05-16 07:12:02
OZ134 (아시아나항공),"인천→Fukuoka
항공사: 아시아나항공
요일: 토
출발: 13:55
날짜: 2026-05-16",33.5859,130.4507,FUK,Fukuoka,OZ134,20260516,13:55,토,아시아나항공,2026-05-16 07:12:02
AC6998 (에어캐나다),"인천→Fukuoka
항공사: 에어캐나다
요일: 토
출발: 13:55
날짜: 2026-05-16",33.5859,130.4507,FUK,Fukuoka,AC6998,20260516,13:55,토,에어캐나다,2026-05-16 07:12:02
ET1444 (에티오피아항공),"인천→Fukuoka
항공사: 에티오피아항공
요일: 토
출발: 13:55
날짜: 2026-05-16",33.5859,130.4507,FUK,Fukuoka,ET1444,20260516,13:55,토,에티오피아항공,2026-05-16 07:12:02
EY8467 (에티하드 항공),"인천→Fukuoka
항공사: 에티하드 항공
요일: 토
출발: 13:55
날짜: 2026-05-16",33.5859,130.4507,FUK,Fukuoka,EY8467,20260516,13:55,토,에티하드 항공,2026-05-16 07:12:02
NH6960 (전일본공수),"인천→Fukuoka
항공사: 전일본공수
요일: 토
출발: 13:55
날짜: 2026-05-16",33.5859,130.4507,FUK,Fukuoka,NH6960,20260516,13:55,토,전일본공수,2026-05-16 07:12:02
TK8094 (터키항공),"인천→Fukuoka
항공사: 터키항공
요일: 토
출발: 13:55
날짜: 2026-05-16",33.5859,130.4507,FUK,Fukuoka,TK8094,20260516,13:55,토,터키항공,2026-05-16 07:12:02
7C1393 (제주항공),"인천→Kansai (Osaka)
항공사: 제주항공
요일: 토
출발: 14:05
날짜: 2026-05-16",34.432,135.2304,KIX,Kansai (Osaka),7C1393,20260516,14:05,토,제주항공,2026-05-16 07:12:02
ZE607 (이스타항공),"인천→Narita (Tokyo)
항공사: 이스타항공
요일: 토
출발: 14:10
날짜: 2026-05-16",35.7719,140.3929,NRT,Narita (Tokyo),ZE607,20260516,14:10,토,이스타항공,2026-05-16 07:12:02
RS727 (에어서울),"인천→Fukuoka
항공사: 에어서울
요일: 토
출발: 14:25
날짜: 2026-05-16",33.5859,130.4507,FUK,Fukuoka,RS727,20260516,14:25,토,에어서울,2026-05-16 07:12:02
LJ359 (진에어),"인천→Takamatsu
항공사: 진에어
요일: 토
출발: 14:30
날짜: 2026-05-16",34.2141,134.0156,TAK,Takamatsu,LJ359,20260516,14:30,토,진에어,2026-05-16 07:12:02
MM706 (피치항공),"인천→Kansai (Osaka)
항공사: 피치항공
요일: 토
출발: 14:40
날짜: 2026-05-16",34.432,135.2304,KIX,Kansai (Osaka),MM706,20260516,14:40,토,피치항공,2026-05-16 07:12:02
LJ237 (진에어),"인천→Kansai (Osaka)
항공사: 진에어
요일: 토
출발: 14:40
날짜: 2026-05-16",34.432,135.2304,KIX,Kansai (Osaka),LJ237,20260516,14:40,토,진에어,2026-05-16 07:12:02
LJ209 (진에어),"인천→Narita (Tokyo)
항공사: 진에어
요일: 토
출발: 14:45
날짜: 2026-05-16",35.7719,140.3929,NRT,Narita (Tokyo),LJ209,20260516,14:45,토,진에어,2026-05-16 07:12:02
KE5093 (대한항공),"인천→Narita (Tokyo)
항공사: 대한항공
요일: 토
출발: 14:45
날짜: 2026-05-16",35.7719,140.3929,NRT,Narita (Tokyo),KE5093,20260516,14:45,토,대한항공,2026-05-16 07:12:02
OZ172 (아시아나항공),"인천→Okinawa (Naha)
항공사: 아시아나항공
요일: 토
출발: 14:45
날짜: 2026-05-16",26.1958,127.6458,OKA,Okinawa (Naha),OZ172,20260516,14:45,토,아시아나항공,2026-05-16 07:12:02
NH6994 (전일본공수),"인천→Okinawa (Naha)
항공사: 전일본공수
요일: 토
출발: 14:45
날짜: 2026-05-16",26.1958,127.6458,OKA,Okinawa (Naha),NH6994,20260516,14:45,토,전일본공수,2026-05-16 07:12:02
BX176 (에어부산),"인천→Kansai (Osaka)
항공사: 에어부산
요일: 토
출발: 14:50
날짜: 2026-05-16",34.432,135.2304,KIX,Kansai (Osaka),BX176,20260516,14:50,토,에어부산,2026-05-16 07:12:02
OZ9572 (아시아나항공),"인천→Kansai (Osaka)
항공사: 아시아나항공
요일: 토
출발: 14:50
날짜: 2026-05-16",34.432,135.2304,KIX,Kansai (Osaka),OZ9572,20260516,14:50,토,아시아나항공,2026-05-16 07:12:02
7C1603 (제주항공),"인천→Shizuoka (Mt.Fuji)
항공사: 제주항공
요일: 토
출발: 14:55
날짜: 2026-05-16",34.7961,138.1797,FSZ,Shizuoka (Mt.Fuji),7C1603,20260516,14:55,토,제주항공,2026-05-16 07:12:02
TW205 (티웨이항공),"인천→Fukuoka
항공사: 티웨이항공
요일: 토
출발: 15:00
날짜: 2026-05-16",33.5859,130.4507,FUK,Fukuoka,TW205,20260516,15:00,토,티웨이항공,2026-05-16 07:12:02
TW245 (티웨이항공),"인천→Narita (Tokyo)
항공사: 티웨이항공
요일: 토
출발: 15:00
날짜: 2026-05-16",35.7719,140.3929,NRT,Narita (Tokyo),TW245,20260516,15:00,토,티웨이항공,2026-05-16 07:12:02
7C1107 (제주항공),"인천→Narita (Tokyo)
항공사: 제주항공
요일: 토
출발: 15:00
날짜: 2026-05-16",35.7719,140.3929,NRT,Narita (Tokyo),7C1107,20260516,15:00,토,제주항공,2026-05-16 07:12:02
KE725 (대한항공),"인천→Kansai (Osaka)
항공사: 대한항공
요일: 토
출발: 15:05
날짜: 2026-05-16",34.432,135.2304,KIX,Kansai (Osaka),KE725,20260516,15:05,토,대한항공,2026-05-16 07:12:02
VS5548 (버진 애틀랜틱 항공),"인천→Kansai (Osaka)
항공사: 버진 애틀랜틱 항공
요일: 토
출발: 15:05
날짜: 2026-05-16",34.432,135.2304,KIX,Kansai (Osaka),VS5548,20260516,15:05,토,버진 애틀랜틱 항공,2026-05-16 07:12:02
AF5374 (에어 프랑스),"인천→Kansai (Osaka)
항공사: 에어 프랑스
요일: 토
출발: 15:05
날짜: 2026-05-16",34.432,135.2304,KIX,Kansai (Osaka),AF5374,20260516,15:05,토,에어 프랑스,2026-05-16 07:12:02
DL7787 (델타항공),"인천→Kansai (Osaka)
항공사: 델타항공
요일: 토
출발: 15:05
날짜: 2026-05-16",34.432,135.2304,KIX,Kansai (Osaka),DL7787,20260516,15:05,토,델타항공,2026-05-16 07:12:02
JL5212 (일본항공),"인천→Kansai (Osaka)
항공사: 일본항공
요일: 토
출발: 15:05
날짜: 2026-05-16",34.432,135.2304,KIX,Kansai (Osaka),JL5212,20260516,15:05,토,일본항공,2026-05-16 07:12:02
OM6705 (몽골항공),"인천→Kansai (Osaka)
항공사: 몽골항공
요일: 토
출발: 15:05
날짜: 2026-05-16",34.432,135.2304,KIX,Kansai (Osaka),OM6705,20260516,15:05,토,몽골항공,2026-05-16 07:12:02
7C1203 (제주항공),"인천→Nagoya (Chubu)
항공사: 제주항공
요일: 토
출발: 15:05
날짜: 2026-05-16",34.8584,136.8048,NGO,Nagoya (Chubu),7C1203,20260516,15:05,토,제주항공,2026-05-16 07:12:02
ZE603 (이스타항공),"인천→Narita (Tokyo)
항공사: 이스타항공
요일: 토
출발: 15:10
날짜: 2026-05-16",35.7719,140.3929,NRT,Narita (Tokyo),ZE603,20260516,15:10,토,이스타항공,2026-05-16 07:12:02
7C1405 (제주항공),"인천→Fukuoka
항공사: 제주항공
요일: 토
출발: 15:15
날짜: 2026-05-16",33.5859,130.4507,FUK,Fukuoka,7C1405,20260516,15:15,토,제주항공,2026-05-16 07:12:02
ZE613 (이스타항공),"인천→Kansai (Osaka)
항공사: 이스타항공
요일: 토
출발: 15:15
날짜: 2026-05-16",34.432,135.2304,KIX,Kansai (Osaka),ZE613,20260516,15:15,토,이스타항공,2026-05-16 07:12:02
RS715 (에어서울),"인천→Kansai (Osaka)
항공사: 에어서울
요일: 토
출발: 15:20
날짜: 2026-05-16",34.432,135.2304,KIX,Kansai (Osaka),RS715,20260516,15:20,토,에어서울,2026-05-16 07:12:02
ZE639 (이스타항공),"인천→Fukuoka
항공사: 이스타항공
요일: 토
출발: 15:25
날짜: 2026-05-16",33.5859,130.4507,FUK,Fukuoka,ZE639,20260516,15:25,토,이스타항공,2026-05-16 07:12:02
LJ265 (진에어),"인천→Fukuoka
항공사: 진에어
요일: 토
출발: 15:35
날짜: 2026-05-16",33.5859,130.4507,FUK,Fukuoka,LJ265,20260516,15:35,토,진에어,2026-05-16 07:12:02
LJ211 (진에어),"인천→Narita (Tokyo)
항공사: 진에어
요일: 토
출발: 15:35
날짜: 2026-05-16",35.7719,140.3929,NRT,Narita (Tokyo),LJ211,20260516,15:35,토,진에어,2026-05-16 07:12:02
LJ349 (진에어),"인천→Kitakyushu
항공사: 진에어
요일: 토
출발: 15:45
날짜: 2026-05-16",33.8458,131.035,KKJ,Kitakyushu,LJ349,20260516,15:45,토,진에어,2026-05-16 07:12:02
KE5749 (대한항공),"인천→Kitakyushu
항공사: 대한항공
요일: 토
출발: 15:45
날짜: 2026-05-16",33.8458,131.035,KKJ,Kitakyushu,KE5749,20260516,15:45,토,대한항공,2026-05-16 07:12:02
OZ106 (아시아나항공),"인천→Narita (Tokyo)
항공사: 아시아나항공
요일: 토
출발: 15:45
날짜: 2026-05-16",35.7719,140.3929,NRT,Narita (Tokyo),OZ106,20260516,15:45,토,아시아나항공,2026-05-16 07:12:02
UA7322 (유나이티드항공),"인천→Narita (Tokyo)
항공사: 유나이티드항공
요일: 토
출발: 15:45
날짜: 2026-05-16",35.7719,140.3929,NRT,Narita (Tokyo),UA7322,20260516,15:45,토,유나이티드항공,2026-05-16 07:12:02
EY8454 (에티하드 항공),"인천→Narita (Tokyo)
항공사: 에티하드 항공
요일: 토
출발: 15:45
날짜: 2026-05-16",35.7719,140.3929,NRT,Narita (Tokyo),EY8454,20260516,15:45,토,에티하드 항공,2026-05-16 07:12:02
NH6976 (전일본공수),"인천→Narita (Tokyo)
항공사: 전일본공수
요일: 토
출발: 15:45
날짜: 2026-05-16",35.7719,140.3929,NRT,Narita (Tokyo),NH6976,20260516,15:45,토,전일본공수,2026-05-16 07:12:02
NZ4056 (에어 뉴질랜드),"인천→Narita (Tokyo)
항공사: 에어 뉴질랜드
요일: 토
출발: 15:45
날짜: 2026-05-16",35.7719,140.3929,NRT,Narita (Tokyo),NZ4056,20260516,15:45,토,에어 뉴질랜드,2026-05-16 07:12:02
TW305 (티웨이항공),"인천→Kansai (Osaka)
항공사: 티웨이항공
요일: 토
출발: 15:55
날짜: 2026-05-16",34.432,135.2304,KIX,Kansai (Osaka),TW305,20260516,15:55,토,티웨이항공,2026-05-16 07:12:02
LJ347 (진에어),"인천→Nagoya (Chubu)
항공사: 진에어
요일: 토
출발: 16:05
날짜: 2026-05-16",34.8584,136.8048,NGO,Nagoya (Chubu),LJ347,20260516,16:05,토,진에어,2026-05-16 07:12:02
KE5081 (대한항공),"인천→Nagoya (Chubu)
항공사: 대한항공
요일: 토
출발: 16:05
날짜: 2026-05-16",34.8584,136.8048,NGO,Nagoya (Chubu),KE5081,20260516,16:05,토,대한항공,2026-05-16 07:12:02
LJ239 (진에어),"인천→Kansai (Osaka)
항공사: 진에어
요일: 토
출발: 16:10
날짜: 2026-05-16",34.432,135.2304,KIX,Kansai (Osaka),LJ239,20260516,16:10,토,진에어,2026-05-16 07:12:02
OZ124 (아시아나항공),"인천→Nagoya (Chubu)
항공사: 아시아나항공
요일: 토
출발: 16:10
날짜: 2026-05-16",34.8584,136.8048,NGO,Nagoya (Chubu),OZ124,20260516,16:10,토,아시아나항공,2026-05-16 07:12:02
EY8471 (에티하드 항공),"인천→Nagoya (Chubu)
항공사: 에티하드 항공
요일: 토
출발: 16:10
날짜: 2026-05-16",34.8584,136.8048,NGO,Nagoya (Chubu),EY8471,20260516,16:10,토,에티하드 항공,2026-05-16 07:12:02
NH6966 (전일본공수),"인천→Nagoya (Chubu)
항공사: 전일본공수
요일: 토
출발: 16:10
날짜: 2026-05-16",34.8584,136.8048,NGO,Nagoya (Chubu),NH6966,20260516,16:10,토,전일본공수,2026-05-16 07:12:02
TK8092 (터키항공),"인천→Nagoya (Chubu)
항공사: 터키항공
요일: 토
출발: 16:10
날짜: 2026-05-16",34.8584,136.8048,NGO,Nagoya (Chubu),TK8092,20260516,16:10,토,터키항공,2026-05-16 07:12:02
BX166 (에어부산),"인천→Narita (Tokyo)
항공사: 에어부산
요일: 토
출발: 16:15
날짜: 2026-05-16",35.7719,140.3929,NRT,Narita (Tokyo),BX166,20260516,16:15,토,에어부산,2026-05-16 07:12:02
KE2179 (대한항공),"인천→Kagoshima
항공사: 대한항공
요일: 토
출발: 16:20
날짜: 2026-05-16",31.8039,130.7194,KOJ,Kagoshima,KE2179,20260516,16:20,토,대한항공,2026-05-16 07:12:02
DL7899 (델타항공),"인천→Kagoshima
항공사: 델타항공
요일: 토
출발: 16:20
날짜: 2026-05-16",31.8039,130.7194,KOJ,Kagoshima,DL7899,20260516,16:20,토,델타항공,2026-05-16 07:12:02
JL5248 (일본항공),"인천→Kagoshima
항공사: 일본항공
요일: 토
출발: 16:20
날짜: 2026-05-16",31.8039,130.7194,KOJ,Kagoshima,JL5248,20260516,16:20,토,일본항공,2026-05-16 07:12:02
KE795 (대한항공),"인천→Fukuoka
항공사: 대한항공
요일: 토
출발: 16:25
날짜: 2026-05-16",33.5859,130.4507,FUK,Fukuoka,KE795,20260516,16:25,토,대한항공,2026-05-16 07:12:02
OZ114 (아시아나항공),"인천→Kansai (Osaka)
항공사: 아시아나항공
요일: 토
출발: 16:40
날짜: 2026-05-16",34.432,135.2304,KIX,Kansai (Osaka),OZ114,20260516,16:40,토,아시아나항공,2026-05-16 07:12:02
EY8449 (에티하드 항공),"인천→Kansai (Osaka)
항공사: 에티하드 항공
요일: 토
출발: 16:40
날짜: 2026-05-16",34.432,135.2304,KIX,Kansai (Osaka),EY8449,20260516,16:40,토,에티하드 항공,2026-05-16 07:12:02
NH6954 (전일본공수),"인천→Kansai (Osaka)
항공사: 전일본공수
요일: 토
출발: 16:40
날짜: 2026-05-16",34.432,135.2304,KIX,Kansai (Osaka),NH6954,20260516,16:40,토,전일본공수,2026-05-16 07:12:02
RS703 (에어서울),"인천→Narita (Tokyo)
항공사: 에어서울
요일: 토
출발: 16:45
날짜: 2026-05-16",35.7719,140.3929,NRT,Narita (Tokyo),RS703,20260516,16:45,토,에어서울,2026-05-16 07:12:02
LJ271 (진에어),"인천→Fukuoka
항공사: 진에어
요일: 토
출발: 17:00
날짜: 2026-05-16",33.5859,130.4507,FUK,Fukuoka,LJ271,20260516,17:00,토,진에어,2026-05-16 07:12:02
KE5095 (대한항공),"인천→Fukuoka
항공사: 대한항공
요일: 토
출발: 17:00
날짜: 2026-05-16",33.5859,130.4507,FUK,Fukuoka,KE5095,20260516,17:00,토,대한항공,2026-05-16 07:12:02
7C1307 (제주항공),"인천→Kansai (Osaka)
항공사: 제주항공
요일: 토
출발: 17:00
날짜: 2026-05-16",34.432,135.2304,KIX,Kansai (Osaka),7C1307,20260516,17:00,토,제주항공,2026-05-16 07:12:02
KE2155 (대한항공),"인천→Kumamoto
항공사: 대한항공
요일: 토
출발: 17:05
날짜: 2026-05-16",32.8372,130.855,KMJ,Kumamoto,KE2155,20260516,17:05,토,대한항공,2026-05-16 07:12:02
DL7918 (델타항공),"인천→Kumamoto
항공사: 델타항공
요일: 토
출발: 17:05
날짜: 2026-05-16",32.8372,130.855,KMJ,Kumamoto,DL7918,20260516,17:05,토,델타항공,2026-05-16 07:12:02
ET672 (에티오피아항공),"인천→Narita (Tokyo)
항공사: 에티오피아항공
요일: 토
출발: 17:15
날짜: 2026-05-16",35.7719,140.3929,NRT,Narita (Tokyo),ET672,20260516,17:15,토,에티오피아항공,2026-05-16 07:12:02
NH5340 (전일본공수),"인천→Narita (Tokyo)
항공사: 전일본공수
요일: 토
출발: 17:15
날짜: 2026-05-16",35.7719,140.3929,NRT,Narita (Tokyo),NH5340,20260516,17:15,토,전일본공수,2026-05-16 07:12:02
KE713 (대한항공),"인천→Narita (Tokyo)
항공사: 대한항공
요일: 토
출발: 17:15
날짜: 2026-05-16",35.7719,140.3929,NRT,Narita (Tokyo),KE713,20260516,17:15,토,대한항공,2026-05-16 07:12:02
DL7897 (델타항공),"인천→Narita (Tokyo)
항공사: 델타항공
요일: 토
출발: 17:15
날짜: 2026-05-16",35.7719,140.3929,NRT,Narita (Tokyo),DL7897,20260516,17:15,토,델타항공,2026-05-16 07:12:02
AM6752 (아에로멕시코),"인천→Narita (Tokyo)
항공사: 아에로멕시코
요일: 토
출발: 17:15
날짜: 2026-05-16",35.7719,140.3929,NRT,Narita (Tokyo),AM6752,20260516,17:15,토,아에로멕시코,2026-05-16 07:12:02
JL5252 (일본항공),"인천→Narita (Tokyo)
항공사: 일본항공
요일: 토
출발: 17:15
날짜: 2026-05-16",35.7719,140.3929,NRT,Narita (Tokyo),JL5252,20260516,17:15,토,일본항공,2026-05-16 07:12:02
AF5378 (에어 프랑스),"인천→Narita (Tokyo)
항공사: 에어 프랑스
요일: 토
출발: 17:15
날짜: 2026-05-16",35.7719,140.3929,NRT,Narita (Tokyo),AF5378,20260516,17:15,토,에어 프랑스,2026-05-16 07:12:02
7C1407 (제주항공),"인천→Fukuoka
항공사: 제주항공
요일: 토
출발: 17:20
날짜: 2026-05-16",33.5859,130.4507,FUK,Fukuoka,7C1407,20260516,17:20,토,제주항공,2026-05-16 07:12:02
TW207 (티웨이항공),"인천→Fukuoka
항공사: 티웨이항공
요일: 토
출발: 18:05
날짜: 2026-05-16",33.5859,130.4507,FUK,Fukuoka,TW207,20260516,18:05,토,티웨이항공,2026-05-16 07:12:02
ZE649 (이스타항공),"인천→Fukuoka
항공사: 이스타항공
요일: 토
출발: 18:20
날짜: 2026-05-16",33.5859,130.4507,FUK,Fukuoka,ZE649,20260516,18:20,토,이스타항공,2026-05-16 07:12:02
OZ108 (아시아나항공),"인천→Narita (Tokyo)
항공사: 아시아나항공
요일: 토
출발: 18:30
날짜: 2026-05-16",35.7719,140.3929,NRT,Narita (Tokyo),OZ108,20260516,18:30,토,아시아나항공,2026-05-16 07:12:02
EY8455 (에티하드 항공),"인천→Narita (Tokyo)
항공사: 에티하드 항공
요일: 토
출발: 18:30
날짜: 2026-05-16",35.7719,140.3929,NRT,Narita (Tokyo),EY8455,20260516,18:30,토,에티하드 항공,2026-05-16 07:12:02
NH6978 (전일본공수),"인천→Narita (Tokyo)
항공사: 전일본공수
요일: 토
출발: 18:30
날짜: 2026-05-16",35.7719,140.3929,NRT,Narita (Tokyo),NH6978,20260516,18:30,토,전일본공수,2026-05-16 07:12:02
UA7297 (유나이티드항공),"인천→Narita (Tokyo)
항공사: 유나이티드항공
요일: 토
출발: 18:30
날짜: 2026-05-16",35.7719,140.3929,NRT,Narita (Tokyo),UA7297,20260516,18:30,토,유나이티드항공,2026-05-16 07:12:02
KE781 (대한항공),"인천→Fukuoka
항공사: 대한항공
요일: 토
출발: 18:35
날짜: 2026-05-16",33.5859,130.4507,FUK,Fukuoka,KE781,20260516,18:35,토,대한항공,2026-05-16 07:12:02
DL7797 (델타항공),"인천→Fukuoka
항공사: 델타항공
요일: 토
출발: 18:35
날짜: 2026-05-16",33.5859,130.4507,FUK,Fukuoka,DL7797,20260516,18:35,토,델타항공,2026-05-16 07:12:02
OM6711 (몽골항공),"인천→Fukuoka
항공사: 몽골항공
요일: 토
출발: 18:35
날짜: 2026-05-16",33.5859,130.4507,FUK,Fukuoka,OM6711,20260516,18:35,토,몽골항공,2026-05-16 07:12:02
JL5224 (일본항공),"인천→Fukuoka
항공사: 일본항공
요일: 토
출발: 18:35
날짜: 2026-05-16",33.5859,130.4507,FUK,Fukuoka,JL5224,20260516,18:35,토,일본항공,2026-05-16 07:12:02
AF7894 (에어 프랑스),"인천→Fukuoka
항공사: 에어 프랑스
요일: 토
출발: 18:35
날짜: 2026-05-16",33.5859,130.4507,FUK,Fukuoka,AF7894,20260516,18:35,토,에어 프랑스,2026-05-16 07:12:02
VS5509 (버진 애틀랜틱 항공),"인천→Fukuoka
항공사: 버진 애틀랜틱 항공
요일: 토
출발: 18:35
날짜: 2026-05-16",33.5859,130.4507,FUK,Fukuoka,VS5509,20260516,18:35,토,버진 애틀랜틱 항공,2026-05-16 07:12:02
KL4258 (KLM네덜란드항공),"인천→Fukuoka
항공사: KLM네덜란드항공
요일: 토
출발: 18:35
날짜: 2026-05-16",33.5859,130.4507,FUK,Fukuoka,KL4258,20260516,18:35,토,KLM네덜란드항공,2026-05-16 07:12:02
KE705 (대한항공),"인천→Narita (Tokyo)
항공사: 대한항공
요일: 토
출발: 18:35
날짜: 2026-05-16",35.7719,140.3929,NRT,Narita (Tokyo),KE705,20260516,18:35,토,대한항공,2026-05-16 07:12:02
DL7781 (델타항공),"인천→Narita (Tokyo)
항공사: 델타항공
요일: 토
출발: 18:35
날짜: 2026-05-16",35.7719,140.3929,NRT,Narita (Tokyo),DL7781,20260516,18:35,토,델타항공,2026-05-16 07:12:02
AM6700 (아에로멕시코),"인천→Narita (Tokyo)
항공사: 아에로멕시코
요일: 토
출발: 18:35
날짜: 2026-05-16",35.7719,140.3929,NRT,Narita (Tokyo),AM6700,20260516,18:35,토,아에로멕시코,2026-05-16 07:12:02
JL5206 (일본항공),"인천→Narita (Tokyo)
항공사: 일본항공
요일: 토
출발: 18:35
날짜: 2026-05-16",35.7719,140.3929,NRT,Narita (Tokyo),JL5206,20260516,18:35,토,일본항공,2026-05-16 07:12:02
VS5503 (버진 애틀랜틱 항공),"인천→Narita (Tokyo)
항공사: 버진 애틀랜틱 항공
요일: 토
출발: 18:35
날짜: 2026-05-16",35.7719,140.3929,NRT,Narita (Tokyo),VS5503,20260516,18:35,토,버진 애틀랜틱 항공,2026-05-16 07:12:02
AF5376 (에어 프랑스),"인천→Narita (Tokyo)
항공사: 에어 프랑스
요일: 토
출발: 18:35
날짜: 2026-05-16",35.7719,140.3929,NRT,Narita (Tokyo),AF5376,20260516,18:35,토,에어 프랑스,2026-05-16 07:12:02
KE721 (대한항공),"인천→Kansai (Osaka)
항공사: 대한항공
요일: 토
출발: 18:45
날짜: 2026-05-16",34.432,135.2304,KIX,Kansai (Osaka),KE721,20260516,18:45,토,대한항공,2026-05-16 07:12:02
KE743 (대한항공),"인천→Nagoya (Chubu)
항공사: 대한항공
요일: 토
출발: 19:00
날짜: 2026-05-16",34.8584,136.8048,NGO,Nagoya (Chubu),KE743,20260516,19:00,토,대한항공,2026-05-16 07:12:02
DL7793 (델타항공),"인천→Nagoya (Chubu)
항공사: 델타항공
요일: 토
출발: 19:00
날짜: 2026-05-16",34.8584,136.8048,NGO,Nagoya (Chubu),DL7793,20260516,19:00,토,델타항공,2026-05-16 07:12:02
OM6717 (몽골항공),"인천→Nagoya (Chubu)
항공사: 몽골항공
요일: 토
출발: 19:00
날짜: 2026-05-16",34.8584,136.8048,NGO,Nagoya (Chubu),OM6717,20260516,19:00,토,몽골항공,2026-05-16 07:12:02
JL5218 (일본항공),"인천→Nagoya (Chubu)
항공사: 일본항공
요일: 토
출발: 19:00
날짜: 2026-05-16",34.8584,136.8048,NGO,Nagoya (Chubu),JL5218,20260516,19:00,토,일본항공,2026-05-16 07:12:02
VS5507 (버진 애틀랜틱 항공),"인천→Nagoya (Chubu)
항공사: 버진 애틀랜틱 항공
요일: 토
출발: 19:00
날짜: 2026-05-16",34.8584,136.8048,NGO,Nagoya (Chubu),VS5507,20260516,19:00,토,버진 애틀랜틱 항공,2026-05-16 07:12:02
AF7907 (에어 프랑스),"인천→Nagoya (Chubu)
항공사: 에어 프랑스
요일: 토
출발: 19:00
날짜: 2026-05-16",34.8584,136.8048,NGO,Nagoya (Chubu),AF7907,20260516,19:00,토,에어 프랑스,2026-05-16 07:12:02
KL9848 (KLM네덜란드항공),"인천→Nagoya (Chubu)
항공사: KLM네덜란드항공
요일: 토
출발: 19:00
날짜: 2026-05-16",34.8584,136.8048,NGO,Nagoya (Chubu),KL9848,20260516,19:00,토,KLM네덜란드항공,2026-05-16 07:12:02
7C1395 (제주항공),"인천→Kansai (Osaka)
항공사: 제주항공
요일: 토
출발: 19:20
날짜: 2026-05-16",34.432,135.2304,KIX,Kansai (Osaka),7C1395,20260516,19:20,토,제주항공,2026-05-16 07:12:02
RF314 (에어로케이항공),"인천→Kansai (Osaka)
항공사: 에어로케이항공
요일: 토
출발: 19:35
날짜: 2026-05-16",34.432,135.2304,KIX,Kansai (Osaka),RF314,20260516,19:35,토,에어로케이항공,2026-05-16 07:12:02
OZ116 (아시아나항공),"인천→Kansai (Osaka)
항공사: 아시아나항공
요일: 토
출발: 19:35
날짜: 2026-05-16",34.432,135.2304,KIX,Kansai (Osaka),OZ116,20260516,19:35,토,아시아나항공,2026-05-16 07:12:02
AC6974 (에어캐나다),"인천→Kansai (Osaka)
항공사: 에어캐나다
요일: 토
출발: 19:35
날짜: 2026-05-16",34.432,135.2304,KIX,Kansai (Osaka),AC6974,20260516,19:35,토,에어캐나다,2026-05-16 07:12:02
ET1290 (에티오피아항공),"인천→Kansai (Osaka)
항공사: 에티오피아항공
요일: 토
출발: 19:35
날짜: 2026-05-16",34.432,135.2304,KIX,Kansai (Osaka),ET1290,20260516,19:35,토,에티오피아항공,2026-05-16 07:12:02
EY8450 (에티하드 항공),"인천→Kansai (Osaka)
항공사: 에티하드 항공
요일: 토
출발: 19:35
날짜: 2026-05-16",34.432,135.2304,KIX,Kansai (Osaka),EY8450,20260516,19:35,토,에티하드 항공,2026-05-16 07:12:02
NH6956 (전일본공수),"인천→Kansai (Osaka)
항공사: 전일본공수
요일: 토
출발: 19:35
날짜: 2026-05-16",34.432,135.2304,KIX,Kansai (Osaka),NH6956,20260516,19:35,토,전일본공수,2026-05-16 07:12:02
KE751 (대한항공),"인천→Haneda (Tokyo)
항공사: 대한항공
요일: 토
출발: 20:30
날짜: 2026-05-16",35.5494,139.7798,HND,Haneda (Tokyo),KE751,20260516,20:30,토,대한항공,2026-05-16 07:12:02
AF5366 (에어 프랑스),"인천→Haneda (Tokyo)
항공사: 에어 프랑스
요일: 토
출발: 20:30
날짜: 2026-05-16",35.5494,139.7798,HND,Haneda (Tokyo),AF5366,20260516,20:30,토,에어 프랑스,2026-05-16 07:12:02
JL5256 (일본항공),"인천→Haneda (Tokyo)
항공사: 일본항공
요일: 토
출발: 20:30
날짜: 2026-05-16",35.5494,139.7798,HND,Haneda (Tokyo),JL5256,20260516,20:30,토,일본항공,2026-05-16 07:12:02
VS5529 (버진 애틀랜틱 항공),"인천→Haneda (Tokyo)
항공사: 버진 애틀랜틱 항공
요일: 토
출발: 20:30
날짜: 2026-05-16",35.5494,139.7798,HND,Haneda (Tokyo),VS5529,20260516,20:30,토,버진 애틀랜틱 항공,2026-05-16 07:12:02
OZ118 (아시아나항공),"인천→Kansai (Osaka)
항공사: 아시아나항공
요일: 토
출발: 20:40
날짜: 2026-05-16",34.432,135.2304,KIX,Kansai (Osaka),OZ118,20260516,20:40,토,아시아나항공,2026-05-16 07:12:02
KE737 (대한항공),"인천→Kansai (Osaka)
항공사: 대한항공
요일: 토
출발: 20:50
날짜: 2026-05-16",34.432,135.2304,KIX,Kansai (Osaka),KE737,20260516,20:50,토,대한항공,2026-05-16 07:12:02
DL7874 (델타항공),"인천→Kansai (Osaka)
항공사: 델타항공
요일: 토
출발: 20:50
날짜: 2026-05-16",34.432,135.2304,KIX,Kansai (Osaka),DL7874,20260516,20:50,토,델타항공,2026-05-16 07:12:02
JL5268 (일본항공),"인천→Kansai (Osaka)
항공사: 일본항공
요일: 토
출발: 20:50
날짜: 2026-05-16",34.432,135.2304,KIX,Kansai (Osaka),JL5268,20260516,20:50,토,일본항공,2026-05-16 07:12:02
MM710 (피치항공),"인천→Kansai (Osaka)
항공사: 피치항공
요일: 토
출발: 20:55
날짜: 2026-05-16",34.432,135.2304,KIX,Kansai (Osaka),MM710,20260516,20:55,토,피치항공,2026-05-16 07:12:02
OZ178 (아시아나항공),"인천→Haneda (Tokyo)
항공사: 아시아나항공
요일: 토
출발: 21:10
날짜: 2026-05-16",35.5494,139.7798,HND,Haneda (Tokyo),OZ178,20260516,21:10,토,아시아나항공,2026-05-16 07:12:02
NH6896 (전일본공수),"인천→Haneda (Tokyo)
항공사: 전일본공수
요일: 토
출발: 21:10
날짜: 2026-05-16",35.5494,139.7798,HND,Haneda (Tokyo),NH6896,20260516,21:10,토,전일본공수,2026-05-16 07:12:02
MM808 (피치항공),"인천→Haneda (Tokyo)
항공사: 피치항공
요일: 토
출발: 22:35
날짜: 2026-05-16",35.5494,139.7798,HND,Haneda (Tokyo),MM808,20260516,22:35,토,피치항공,2026-05-16 07:12:02
